year,state,program,payments,count
2014,Alabama,ELAP,32874,7
2014,Alaska ,ELAP,0,0
2014,Arizona,ELAP,460738,18
2014,Arkansas,ELAP,108452,12
2014,California,ELAP,2293645,245
2014,Colorado,ELAP,87711,7
2014,Connecticut,ELAP,0,0
2014,Delaware,ELAP,0,0
2014,Florida,ELAP,1314270,88
2014,Georgia,ELAP,844469,61
2014,Hawaii,ELAP,0,0
2014,Idaho,ELAP,772172.53,66
2014,Illinois,ELAP,100637,114
2014,Indiana,ELAP,93727,155
2014,Iowa,ELAP,283781,24
2014,Kansas,ELAP,117217,90
2014,Kentucky,ELAP,47249,44
2014,Louisiana,ELAP,95814,15
2014,Maine,ELAP,0,0
2014,Maryland,ELAP,0,0
2014,Massachusetts,ELAP,210958,11
2014,Michigan,ELAP,309023,71
2014,Minnesota,ELAP,691316,69
2014,Mississippi,ELAP,28006,7
2014,Missouri,ELAP,26928,22
2014,Montana,ELAP,859747,111
2014,Nebraska,ELAP,349596,51
2014,Nevada,ELAP,46196,18
2014,New Hampshire,ELAP,2590,5
2014,New Jersey,ELAP,75611,8
2014,New Mexico,ELAP,35517,27
2014,New York,ELAP,256579,55
2014,North Carolina,ELAP,140165,61
2014,North Dakota,ELAP,700419,34
2014,Ohio,ELAP,210567,120
2014,Oklahoma,ELAP,3843,5
2014,Oregon,ELAP,913184,132
2014,Pennsylvania,ELAP,264630,21
2014,Rhode Island,ELAP,0,0
2014,South Carolina,ELAP,11521,9
2014,South Dakota,ELAP,2415356,435
2014,Tennessee,ELAP,3641,9
2014,Texas,ELAP,892249,61
2014,Utah,ELAP,89683,12
2014,Vermont,ELAP,12464,3
2014,Virginia,ELAP,158507,39
2014,Washington,ELAP,540675,60
2014,West Virginia,ELAP,29291,57
2014,Wisconsin,ELAP,365399,42
2014,Wyoming,ELAP,17096,1
2015,Alabama,ELAP,93313,5
2015,Alaska ,ELAP,0,0
2015,Arizona,ELAP,553924,14
2015,Arkansas,ELAP,547701,102
2015,California,ELAP,2093728,157
2015,Colorado,ELAP,215851,9
2015,Connecticut,ELAP,0,0
2015,Delaware,ELAP,0,0
2015,Florida,ELAP,2338536,98
2015,Georgia,ELAP,1310667,61
2015,Hawaii,ELAP,0,0
2015,Idaho,ELAP,924596.68,59
2015,Illinois,ELAP,49322,21
2015,Indiana,ELAP,136889,41
2015,Iowa,ELAP,288280,16
2015,Kansas,ELAP,225296,94
2015,Kentucky,ELAP,33045,22
2015,Louisiana,ELAP,598038,109
2015,Maine,ELAP,0,0
2015,Maryland,ELAP,65434,4
2015,Massachusetts,ELAP,209300,8
2015,Michigan,ELAP,35055,19
2015,Minnesota,ELAP,1109755,34
2015,Mississippi,ELAP,50926,2
2015,Missouri,ELAP,241497,38
2015,Montana,ELAP,82057,24
2015,Nebraska,ELAP,736202,38
2015,Nevada,ELAP,86727,19
2015,New Hampshire,ELAP,14379,6
2015,New Jersey,ELAP,24397,3
2015,New Mexico,ELAP,9667,1
2015,New York,ELAP,264088,26
2015,North Carolina,ELAP,226587,65
2015,North Dakota,ELAP,537971,15
2015,Ohio,ELAP,188453,68
2015,Oklahoma,ELAP,548545,130
2015,Oregon,ELAP,729139,165
2015,Pennsylvania,ELAP,300686,17
2015,Rhode Island,ELAP,0,0
2015,South Carolina,ELAP,0,0
2015,South Dakota,ELAP,1047818,67
2015,Tennessee,ELAP,17227,13
2015,Texas,ELAP,1404853,136
2015,Utah,ELAP,175503,11
2015,Vermont,ELAP,0,0
2015,Virginia,ELAP,40799,24
2015,Washington,ELAP,532321,160
2015,West Virginia,ELAP,23619,27
2015,Wisconsin,ELAP,292646,24
2015,Wyoming,ELAP,68701,11
2016,Alabama,ELAP,7958,10
2016,Alaska ,ELAP,0,0
2016,Arizona,ELAP,414038,19
2016,Arkansas,ELAP,234451,45
2016,California,ELAP,2676302,148
2016,Colorado,ELAP,187123.88,20
2016,Connecticut,ELAP,0,0
2016,Delaware,ELAP,0,0
2016,Florida,ELAP,2493367,123
2016,Georgia,ELAP,1367281,80
2016,Hawaii,ELAP,26608,1
2016,Idaho,ELAP,976156,52
2016,Illinois,ELAP,6921,5
2016,Indiana,ELAP,25096,14
2016,Iowa,ELAP,286979,135
2016,Kansas,ELAP,186526,34
2016,Kentucky,ELAP,12124,13
2016,Louisiana,ELAP,1021788,315
2016,Maine,ELAP,2642,7
2016,Maryland,ELAP,0,0
2016,Massachusetts,ELAP,220831,29
2016,Michigan,ELAP,56484,23
2016,Minnesota,ELAP,1188329,63
2016,Mississippi,ELAP,59324,9
2016,Missouri,ELAP,68260,59
2016,Montana,ELAP,131956,29
2016,Nebraska,ELAP,352856,24
2016,Nevada,ELAP,32296,13
2016,New Hampshire,ELAP,1264,7
2016,New Jersey,ELAP,45232,2
2016,New Mexico,ELAP,29208,5
2016,New York,ELAP,250843,64
2016,North Carolina,ELAP,130759,52
2016,North Dakota,ELAP,788908,31
2016,Ohio,ELAP,60514,34
2016,Oklahoma,ELAP,126692,40
2016,Oregon,ELAP,178114,39
2016,Pennsylvania,ELAP,328656,25
2016,Rhode Island,ELAP,0,0
2016,South Carolina,ELAP,100889,48
2016,South Dakota,ELAP,1030368,109
2016,Tennessee,ELAP,52672,12
2016,Texas,ELAP,1503946.38,267
2016,Utah,ELAP,274441,18
2016,Vermont,ELAP,911,1
2016,Virginia,ELAP,71461,13
2016,Washington,ELAP,350732,81
2016,West Virginia,ELAP,98239.52,129
2016,Wisconsin,ELAP,289030,100
2016,Wyoming,ELAP,35687,20
2017,Alabama,ELAP,44653,12
2017,Alaska ,ELAP,0,0
2017,Arizona,ELAP,874005,16
2017,Arkansas,ELAP,692719,30
2017,California,ELAP,5550849,204
2017,Colorado,ELAP,627317,22
2017,Connecticut,ELAP,90985,1
2017,Delaware,ELAP,0,0
2017,Florida,ELAP,8070678,398
2017,Georgia,ELAP,3150875.27,100
2017,Hawaii,ELAP,4804,1
2017,Idaho,ELAP,1866191,35
2017,Illinois,ELAP,96932,8
2017,Indiana,ELAP,57661,27
2017,Iowa,ELAP,551003,128
2017,Kansas,ELAP,322900,56
2017,Kentucky,ELAP,41762,17
2017,Louisiana,ELAP,880997,50
2017,Maine,ELAP,154395,18
2017,Maryland,ELAP,0,0
2017,Massachusetts,ELAP,382172,11
2017,Michigan,ELAP,172431,15
2017,Minnesota,ELAP,2160055,45
2017,Mississippi,ELAP,208703,7
2017,Missouri,ELAP,277725,69
2017,Montana,ELAP,409278,85
2017,Nebraska,ELAP,603348,100
2017,Nevada,ELAP,363462,18
2017,New Hampshire,ELAP,1548,2
2017,New Jersey,ELAP,159408,4
2017,New Mexico,ELAP,16749,2
2017,New York,ELAP,372351,54
2017,North Carolina,ELAP,530003,134
2017,North Dakota,ELAP,1632485,119
2017,Ohio,ELAP,106736.87,44
2017,Oklahoma,ELAP,254205,12
2017,Oregon,ELAP,1742419,162
2017,Pennsylvania,ELAP,489930,23
2017,Rhode Island,ELAP,2212,1
2017,South Carolina,ELAP,19067,10
2017,South Dakota,ELAP,1733832,165
2017,Tennessee,ELAP,4878,6
2017,Texas,ELAP,4903306,573
2017,Utah,ELAP,453869,19
2017,Vermont,ELAP,113026,2
2017,Virginia,ELAP,212524,17
2017,Washington,ELAP,482650,38
2017,West Virginia,ELAP,61813,84
2017,Wisconsin,ELAP,515774,83
2017,Wyoming,ELAP,897320,68
2018,Alabama,ELAP,20473,3
2018,Alaska ,ELAP,0,0
2018,Arizona,ELAP,914604,28
2018,Arkansas,ELAP,756576,16
2018,California,ELAP,5191316,181
2018,Colorado,ELAP,848459,138
2018,Connecticut,ELAP,61491,2
2018,Delaware,ELAP,0,0
2018,Florida,ELAP,6123981.64,239
2018,Georgia,ELAP,2939113.54,101
2018,Hawaii,ELAP,173022,4
2018,Idaho,ELAP,1692759,48
2018,Illinois,ELAP,48179,9
2018,Indiana,ELAP,90663,28
2018,Iowa,ELAP,613980,113
2018,Kansas,ELAP,636519.06,599
2018,Kentucky,ELAP,52961,35
2018,Louisiana,ELAP,990118,37
2018,Maine,ELAP,61288,9
2018,Maryland,ELAP,0,0
2018,Massachusetts,ELAP,326165,8
2018,Michigan,ELAP,371231,24
2018,Minnesota,ELAP,1796123,80
2018,Mississippi,ELAP,313296,10
2018,Missouri,ELAP,195468,286
2018,Montana,ELAP,2777137,262
2018,Nebraska,ELAP,829464,125
2018,Nevada,ELAP,106047,5
2018,New Hampshire,ELAP,3018,5
2018,New Jersey,ELAP,166544,4
2018,New Mexico,ELAP,231090.4,108
2018,New York,ELAP,414066,28
2018,North Carolina,ELAP,977426,174
2018,North Dakota,ELAP,1603137,52
2018,Ohio,ELAP,103729,54
2018,Oklahoma,ELAP,163160,17
2018,Oregon,ELAP,1601943,198
2018,Pennsylvania,ELAP,464558,32
2018,Rhode Island,ELAP,2592,5
2018,South Carolina,ELAP,56813,16
2018,South Dakota,ELAP,1695769,153
2018,Tennessee,ELAP,18378,6
2018,Texas,ELAP,2235594,165
2018,Utah,ELAP,1012799,285
2018,Vermont,ELAP,54240,2
2018,Virginia,ELAP,208290,39
2018,Washington,ELAP,423088,25
2018,West Virginia,ELAP,142211,187
2018,Wisconsin,ELAP,490496,104
2018,Wyoming,ELAP,465383,52
2019,Alabama,ELAP,768,1
2019,Alaska ,ELAP,0,0
2019,Arizona,ELAP,1155714,21
2019,Arkansas,ELAP,1379379,155
2019,California,ELAP,7296034.62,182
2019,Colorado,ELAP,127050,13
2019,Connecticut,ELAP,93548,1
2019,Delaware,ELAP,0,0
2019,Florida,ELAP,13833974,203
2019,Georgia,ELAP,6008088,135
2019,Hawaii,ELAP,0,0
2019,Idaho,ELAP,2197463,42
2019,Illinois,ELAP,12105,6
2019,Indiana,ELAP,14222,19
2019,Iowa,ELAP,648389,47
2019,Kansas,ELAP,297766,28
2019,Kentucky,ELAP,76328,7
2019,Louisiana,ELAP,2116547,66
2019,Maine,ELAP,64741,6
2019,Maryland,ELAP,0,0
2019,Massachusetts,ELAP,1773801,6
2019,Michigan,ELAP,2294589,41
2019,Minnesota,ELAP,2756525,70
2019,Mississippi,ELAP,370498,18
2019,Missouri,ELAP,76401,63
2019,Montana,ELAP,1106817,34
2019,Nebraska,ELAP,3484512.85,278
2019,Nevada,ELAP,18513,6
2019,New Hampshire,ELAP,4078,7
2019,New Jersey,ELAP,209933,7
2019,New Mexico,ELAP,116823,33
2019,New York,ELAP,544476,41
2019,North Carolina,ELAP,432189,56
2019,North Dakota,ELAP,3448154,128
2019,Ohio,ELAP,189570,45
2019,Oklahoma,ELAP,1343303,265
2019,Oregon,ELAP,3895816.1,303
2019,Pennsylvania,ELAP,779412,33
2019,Rhode Island,ELAP,3228,5
2019,South Carolina,ELAP,24531,5
2019,South Dakota,ELAP,4140979.88,619
2019,Tennessee,ELAP,64612,5
2019,Texas,ELAP,3461015,182
2019,Utah,ELAP,734062,23
2019,Vermont,ELAP,227028,4
2019,Virginia,ELAP,210838,17
2019,Washington,ELAP,2206640,143
2019,West Virginia,ELAP,150182,170
2019,Wisconsin,ELAP,470547,75
2019,Wyoming,ELAP,2553168,82
2020,Alabama,ELAP,15694,6
2020,Alaska ,ELAP,0,0
2020,Arizona,ELAP,1089731.63,35
2020,Arkansas,ELAP,439235,26
2020,California,ELAP,5803536.05,176
2020,Colorado,ELAP,515103,83
2020,Connecticut,ELAP,22824,1
2020,Delaware,ELAP,0,0
2020,Florida,ELAP,8612917.89,184
2020,Georgia,ELAP,4767383.17,147
2020,Hawaii,ELAP,0,0
2020,Idaho,ELAP,1407588,43
2020,Illinois,ELAP,1895,4
2020,Indiana,ELAP,1546,7
2020,Iowa,ELAP,407627,14
2020,Kansas,ELAP,140042,10
2020,Kentucky,ELAP,3713,2
2020,Louisiana,ELAP,2239520,116
2020,Maine,ELAP,49848,17
2020,Maryland,ELAP,0,0
2020,Massachusetts,ELAP,839504,9
2020,Michigan,ELAP,963506,22
2020,Minnesota,ELAP,1982829,41
2020,Mississippi,ELAP,301003,15
2020,Missouri,ELAP,128541,8
2020,Montana,ELAP,1017913,31
2020,Nebraska,ELAP,1215876,42
2020,Nevada,ELAP,45200,8
2020,New Hampshire,ELAP,3114,6
2020,New Jersey,ELAP,346064,8
2020,New Mexico,ELAP,298730.22,62
2020,New York,ELAP,251899,21
2020,North Carolina,ELAP,407634,42
2020,North Dakota,ELAP,3195831,32
2020,Ohio,ELAP,112187,29
2020,Oklahoma,ELAP,210924,10
2020,Oregon,ELAP,1515372,80
2020,Pennsylvania,ELAP,488325,40
2020,Rhode Island,ELAP,1375,4
2020,South Carolina,ELAP,86987,10
2020,South Dakota,ELAP,2152111,77
2020,Tennessee,ELAP,8192,6
2020,Texas,ELAP,2703119.06,124
2020,Utah,ELAP,717780,122
2020,Vermont,ELAP,135748,2
2020,Virginia,ELAP,35087,17
2020,Washington,ELAP,1138513.99,48
2020,West Virginia,ELAP,164505.96,218
2020,Wisconsin,ELAP,217813,23
2020,Wyoming,ELAP,1505771,71
2021,Alabama,ELAP,0,0
2021,Alaska ,ELAP,0,0
2021,Arizona,ELAP,376309,25
2021,Arkansas,ELAP,479656,16
2021,California,ELAP,1918771.88,95
2021,Colorado,ELAP,222382.86,36
2021,Connecticut,ELAP,12235,1
2021,Delaware,ELAP,0,0
2021,Florida,ELAP,1288902,39
2021,Georgia,ELAP,3090,2
2021,Hawaii,ELAP,0,0
2021,Idaho,ELAP,236446,11
2021,Illinois,ELAP,37881,7
2021,Indiana,ELAP,1952,2
2021,Iowa,ELAP,135537,41
2021,Kansas,ELAP,400354,50
2021,Kentucky,ELAP,35826,21
2021,Louisiana,ELAP,1927411.02,31
2021,Maine,ELAP,354,1
2021,Maryland,ELAP,0,0
2021,Massachusetts,ELAP,1279147,3
2021,Michigan,ELAP,513436,13
2021,Minnesota,ELAP,946710,38
2021,Mississippi,ELAP,21966,2
2021,Missouri,ELAP,82282,7
2021,Montana,ELAP,2026915,168
2021,Nebraska,ELAP,159498,21
2021,Nevada,ELAP,17989,5
2021,New Hampshire,ELAP,31416,4
2021,New Jersey,ELAP,0,0
2021,New Mexico,ELAP,335333,24
2021,New York,ELAP,37908,6
2021,North Carolina,ELAP,529363,37
2021,North Dakota,ELAP,841412.7,155
2021,Ohio,ELAP,19987,11
2021,Oklahoma,ELAP,75011,41
2021,Oregon,ELAP,1063324.57,64
2021,Pennsylvania,ELAP,172021,34
2021,Rhode Island,ELAP,424,1
2021,South Carolina,ELAP,0,0
2021,South Dakota,ELAP,2829565,361
2021,Tennessee,ELAP,50666.11,7
2021,Texas,ELAP,26886331.99,82
2021,Utah,ELAP,1265226,239
2021,Vermont,ELAP,22349,2
2021,Virginia,ELAP,170574,3
2021,Washington,ELAP,5413305,17
2021,West Virginia,ELAP,68478,149
2021,Wisconsin,ELAP,15263,8
2021,Wyoming,ELAP,742845,86
2022,Alabama,ELAP,794638,7
2022,Alaska ,ELAP,0,0
2022,Arizona,ELAP,2398907.34,193
2022,Arkansas,ELAP,613104,66
2022,California,ELAP,14100580.76,489
2022,Colorado,ELAP,1794229.71,235
2022,Connecticut,ELAP,46339,1
2022,Delaware,ELAP,0,0
2022,Florida,ELAP,44390741.69,371
2022,Georgia,ELAP,5512939,164
2022,Hawaii,ELAP,0,0
2022,Idaho,ELAP,1614406,95
2022,Illinois,ELAP,2233,3
2022,Indiana,ELAP,77227,4
2022,Iowa,ELAP,167296,16
2022,Kansas,ELAP,4694760,1158
2022,Kentucky,ELAP,1737,3
2022,Louisiana,ELAP,1032760,29
2022,Maine,ELAP,157305,6
2022,Maryland,ELAP,0,0
2022,Massachusetts,ELAP,1428091,13
2022,Michigan,ELAP,1510638,11
2022,Minnesota,ELAP,1859164,65
2022,Mississippi,ELAP,680412,8
2022,Missouri,ELAP,1804297,340
2022,Montana,ELAP,12858015.82,1257
2022,Nebraska,ELAP,7023160.41,992
2022,Nevada,ELAP,1740055,123
2022,New Hampshire,ELAP,0,0
2022,New Jersey,ELAP,1434369,5
2022,New Mexico,ELAP,3125588.24,355
2022,New York,ELAP,1371821,32
2022,North Carolina,ELAP,805517,34
2022,North Dakota,ELAP,4010331,71
2022,Ohio,ELAP,130988,15
2022,Oklahoma,ELAP,24621044.25,3237
2022,Oregon,ELAP,7205561,311
2022,Pennsylvania,ELAP,440280,26
2022,Rhode Island,ELAP,3203131,13
2022,South Carolina,ELAP,34474,5
2022,South Dakota,ELAP,5675242.16,767
2022,Tennessee,ELAP,7171,4
2022,Texas,ELAP,54289447.84,4658
2022,Utah,ELAP,3318103,306
2022,Vermont,ELAP,464862,4
2022,Virginia,ELAP,966,1
2022,Washington,ELAP,2364674,40
2022,West Virginia,ELAP,32494,15
2022,Wisconsin,ELAP,317085,13
2022,Wyoming,ELAP,2112176.45,268
2014,Alabama,LFP,801315,489
2014,Alaska ,LFP,0,0
2014,Arizona,LFP,13679814.13,2146
2014,Arkansas,LFP,0,0
2014,California,LFP,73235520.2,2981
2014,Colorado,LFP,27541168.96,1558
2014,Connecticut,LFP,0,0
2014,Delaware,LFP,0,0
2014,Florida,LFP,0,0
2014,Georgia,LFP,1375754,731
2014,Hawaii,LFP,5338656,303
2014,Idaho,LFP,10407647,464
2014,Illinois,LFP,0,0
2014,Indiana,LFP,0,0
2014,Iowa,LFP,0,0
2014,Kansas,LFP,132523856.1,12298
2014,Kentucky,LFP,0,0
2014,Louisiana,LFP,0,0
2014,Maine,LFP,0,0
2014,Maryland,LFP,0,0
2014,Massachusetts,LFP,0,0
2014,Michigan,LFP,0,0
2014,Minnesota,LFP,0,0
2014,Mississippi,LFP,0,0
2014,Missouri,LFP,6228,2
2014,Montana,LFP,0,0
2014,Nebraska,LFP,55082695.95,3397
2014,Nevada,LFP,15473230,384
2014,New Hampshire,LFP,0,0
2014,New Jersey,LFP,0,0
2014,New Mexico,LFP,46940253.93,3648
2014,New York,LFP,0,0
2014,North Carolina,LFP,0,0
2014,North Dakota,LFP,0,0
2014,Ohio,LFP,0,0
2014,Oklahoma,LFP,276464553.2,24632
2014,Oregon,LFP,31251398.86,1394
2014,Pennsylvania,LFP,0,0
2014,Rhode Island,LFP,0,0
2014,South Carolina,LFP,0,0
2014,South Dakota,LFP,0,0
2014,Tennessee,LFP,0,0
2014,Texas,LFP,207250867.7,25874
2014,Utah,LFP,10124332.18,938
2014,Vermont,LFP,0,0
2014,Virginia,LFP,0,0
2014,Washington,LFP,1720698,286
2014,West Virginia,LFP,0,0
2014,Wisconsin,LFP,0,0
2014,Wyoming,LFP,0,0
2015,Alabama,LFP,0,0
2015,Alaska ,LFP,0,0
2015,Arizona,LFP,6742286.94,1922
2015,Arkansas,LFP,19438112.53,3050
2015,California,LFP,50111419.48,2828
2015,Colorado,LFP,115572,38
2015,Connecticut,LFP,0,0
2015,Delaware,LFP,0,0
2015,Florida,LFP,291640,18
2015,Georgia,LFP,0,0
2015,Hawaii,LFP,283404,113
2015,Idaho,LFP,14330666.86,1125
2015,Illinois,LFP,0,0
2015,Indiana,LFP,0,0
2015,Iowa,LFP,0,0
2015,Kansas,LFP,7141284,1261
2015,Kentucky,LFP,0,0
2015,Louisiana,LFP,22713596.92,3203
2015,Maine,LFP,0,0
2015,Maryland,LFP,0,0
2015,Massachusetts,LFP,0,0
2015,Michigan,LFP,0,0
2015,Minnesota,LFP,0,0
2015,Mississippi,LFP,18826865,4109
2015,Missouri,LFP,0,0
2015,Montana,LFP,11511609,976
2015,Nebraska,LFP,0,0
2015,Nevada,LFP,12655315.76,413
2015,New Hampshire,LFP,0,0
2015,New Jersey,LFP,0,0
2015,New Mexico,LFP,3752001.99,1946
2015,New York,LFP,0,0
2015,North Carolina,LFP,383463,283
2015,North Dakota,LFP,0,0
2015,Ohio,LFP,0,0
2015,Oklahoma,LFP,140834442.8,15413
2015,Oregon,LFP,35964484.32,2126
2015,Pennsylvania,LFP,0,0
2015,Rhode Island,LFP,0,0
2015,South Carolina,LFP,741645,465
2015,South Dakota,LFP,0,0
2015,Tennessee,LFP,0,0
2015,Texas,LFP,159418069.6,27211
2015,Utah,LFP,14080053.58,1131
2015,Vermont,LFP,0,0
2015,Virginia,LFP,0,0
2015,Washington,LFP,12606015.9,1362
2015,West Virginia,LFP,0,0
2015,Wisconsin,LFP,0,0
2015,Wyoming,LFP,0,0
2016,Alabama,LFP,57130370.78,12970
2016,Alaska ,LFP,0,0
2016,Arizona,LFP,526433,134
2016,Arkansas,LFP,567,1
2016,California,LFP,36186105.19,2343
2016,Colorado,LFP,0,0
2016,Connecticut,LFP,2814,9
2016,Delaware,LFP,0,0
2016,Florida,LFP,1896,1
2016,Georgia,LFP,38269354.93,8073
2016,Hawaii,LFP,3948574,334
2016,Idaho,LFP,2645686.86,205
2016,Illinois,LFP,0,0
2016,Indiana,LFP,0,0
2016,Iowa,LFP,0,0
2016,Kansas,LFP,0,0
2016,Kentucky,LFP,354747,184
2016,Louisiana,LFP,5789981.6,1402
2016,Maine,LFP,183609,144
2016,Maryland,LFP,0,0
2016,Massachusetts,LFP,531758.86,308
2016,Michigan,LFP,0,0
2016,Minnesota,LFP,0,0
2016,Mississippi,LFP,20447272,5850
2016,Missouri,LFP,0,0
2016,Montana,LFP,7029872.06,1195
2016,Nebraska,LFP,69934,73
2016,Nevada,LFP,6938673,297
2016,New Hampshire,LFP,143844.29,74
2016,New Jersey,LFP,0,0
2016,New Mexico,LFP,0,0
2016,New York,LFP,2896459.36,1674
2016,North Carolina,LFP,3620674.42,1459
2016,North Dakota,LFP,838505,181
2016,Ohio,LFP,0,0
2016,Oklahoma,LFP,5413535.41,3502
2016,Oregon,LFP,5649764,1031
2016,Pennsylvania,LFP,162741.76,394
2016,Rhode Island,LFP,21587,10
2016,South Carolina,LFP,5573156,1526
2016,South Dakota,LFP,22777585,1773
2016,Tennessee,LFP,34569425.59,14181
2016,Texas,LFP,8537171.65,2074
2016,Utah,LFP,3053794.34,569
2016,Vermont,LFP,0,0
2016,Virginia,LFP,0,0
2016,Washington,LFP,853,1
2016,West Virginia,LFP,0,0
2016,Wisconsin,LFP,0,0
2016,Wyoming,LFP,13044383,938
2017,Alabama,LFP,48458067.74,10436
2017,Alaska ,LFP,0,0
2017,Arizona,LFP,471365,111
2017,Arkansas,LFP,982663,329
2017,California,LFP,16605985,1288
2017,Colorado,LFP,20249,2
2017,Connecticut,LFP,0,0
2017,Delaware,LFP,0,0
2017,Florida,LFP,24352695.61,2609
2017,Georgia,LFP,9785153.2,2983
2017,Hawaii,LFP,3448766,327
2017,Idaho,LFP,160304,70
2017,Illinois,LFP,0,0
2017,Indiana,LFP,0,0
2017,Iowa,LFP,13647425.72,4068
2017,Kansas,LFP,138081,33
2017,Kentucky,LFP,0,0
2017,Louisiana,LFP,0,0
2017,Maine,LFP,0,0
2017,Maryland,LFP,0,0
2017,Massachusetts,LFP,0,0
2017,Michigan,LFP,0,0
2017,Minnesota,LFP,0,0
2017,Mississippi,LFP,8307936.6,1936
2017,Missouri,LFP,81457,37
2017,Montana,LFP,72993106.79,5033
2017,Nebraska,LFP,50160,14
2017,Nevada,LFP,181285,31
2017,New Hampshire,LFP,0,0
2017,New Jersey,LFP,0,0
2017,New Mexico,LFP,0,0
2017,New York,LFP,0,0
2017,North Carolina,LFP,109006,16
2017,North Dakota,LFP,61342791,6019
2017,Ohio,LFP,0,0
2017,Oklahoma,LFP,8990041.78,3528
2017,Oregon,LFP,175825,12
2017,Pennsylvania,LFP,0,0
2017,Rhode Island,LFP,0,0
2017,South Carolina,LFP,1518839,373
2017,South Dakota,LFP,72084229.53,7204
2017,Tennessee,LFP,798730,364
2017,Texas,LFP,12373678,3189
2017,Utah,LFP,53025,16
2017,Vermont,LFP,0,0
2017,Virginia,LFP,0,0
2017,Washington,LFP,12415,1
2017,West Virginia,LFP,0,0
2017,Wisconsin,LFP,0,0
2017,Wyoming,LFP,1824467.83,341
2018,Alabama,LFP,373255,125
2018,Alaska ,LFP,0,0
2018,Arizona,LFP,10943621.6,2227
2018,Arkansas,LFP,8533725,1718
2018,California,LFP,1245503.38,357
2018,Colorado,LFP,28463166.59,2394
2018,Connecticut,LFP,0,0
2018,Delaware,LFP,0,0
2018,Florida,LFP,0,0
2018,Georgia,LFP,320579,499
2018,Hawaii,LFP,0,0
2018,Idaho,LFP,622540,118
2018,Illinois,LFP,0,0
2018,Indiana,LFP,15361,1
2018,Iowa,LFP,5244355,1572
2018,Kansas,LFP,63538248.88,13736
2018,Kentucky,LFP,0,0
2018,Louisiana,LFP,3698292.11,838
2018,Maine,LFP,0,0
2018,Maryland,LFP,0,0
2018,Massachusetts,LFP,0,0
2018,Michigan,LFP,0,0
2018,Minnesota,LFP,0,0
2018,Mississippi,LFP,21481,8
2018,Missouri,LFP,76626600.71,19433
2018,Montana,LFP,84539,36
2018,Nebraska,LFP,22658,19
2018,Nevada,LFP,2071800.96,212
2018,New Hampshire,LFP,0,0
2018,New Jersey,LFP,0,0
2018,New Mexico,LFP,23477532.2,2902
2018,New York,LFP,0,0
2018,North Carolina,LFP,0,0
2018,North Dakota,LFP,7032253,1489
2018,Ohio,LFP,0,0
2018,Oklahoma,LFP,125092179.9,16526
2018,Oregon,LFP,20307573,1720
2018,Pennsylvania,LFP,0,0
2018,Rhode Island,LFP,0,0
2018,South Carolina,LFP,0,0
2018,South Dakota,LFP,1084709,608
2018,Tennessee,LFP,0,0
2018,Texas,LFP,85758924.17,18998
2018,Utah,LFP,21286175.1,1511
2018,Vermont,LFP,0,0
2018,Virginia,LFP,0,0
2018,Washington,LFP,334815.6,184
2018,West Virginia,LFP,0,0
2018,Wisconsin,LFP,0,0
2018,Wyoming,LFP,2290307,144
2019,Alabama,LFP,10061980.05,3374
2019,Alaska ,LFP,0,0
2019,Arizona,LFP,5017518.09,2007
2019,Arkansas,LFP,0,0
2019,California,LFP,2934019.65,513
2019,Colorado,LFP,545096,48
2019,Connecticut,LFP,0,0
2019,Delaware,LFP,0,0
2019,Florida,LFP,929151,336
2019,Georgia,LFP,8163759.64,2479
2019,Hawaii,LFP,3173421,222
2019,Idaho,LFP,377463.63,57
2019,Illinois,LFP,16251,1
2019,Indiana,LFP,18674,1
2019,Iowa,LFP,0,0
2019,Kansas,LFP,0,0
2019,Kentucky,LFP,813733.86,573
2019,Louisiana,LFP,0,0
2019,Maine,LFP,0,0
2019,Maryland,LFP,0,0
2019,Massachusetts,LFP,0,0
2019,Michigan,LFP,0,0
2019,Minnesota,LFP,0,0
2019,Mississippi,LFP,0,0
2019,Missouri,LFP,0,0
2019,Montana,LFP,0,0
2019,Nebraska,LFP,22612,1
2019,Nevada,LFP,1610166.84,118
2019,New Hampshire,LFP,0,0
2019,New Jersey,LFP,0,0
2019,New Mexico,LFP,5806924.68,1493
2019,New York,LFP,0,0
2019,North Carolina,LFP,1866,1
2019,North Dakota,LFP,0,0
2019,Ohio,LFP,0,0
2019,Oklahoma,LFP,8789249,1580
2019,Oregon,LFP,1776654,269
2019,Pennsylvania,LFP,6422,2
2019,Rhode Island,LFP,0,0
2019,South Carolina,LFP,4722800,1434
2019,South Dakota,LFP,0,0
2019,Tennessee,LFP,2097416,959
2019,Texas,LFP,56730778.54,16399
2019,Utah,LFP,4398393,680
2019,Vermont,LFP,0,0
2019,Virginia,LFP,0,0
2019,Washington,LFP,176310,115
2019,West Virginia,LFP,0,0
2019,Wisconsin,LFP,0,0
2019,Wyoming,LFP,49003,7
2020,Alabama,LFP,176351,125
2020,Alaska ,LFP,0,0
2020,Arizona,LFP,12714428.44,2005
2020,Arkansas,LFP,1814212,374
2020,California,LFP,11651923.53,1077
2020,Colorado,LFP,45100210.8,3937
2020,Connecticut,LFP,94326,46
2020,Delaware,LFP,0,0
2020,Florida,LFP,338412,69
2020,Georgia,LFP,0,0
2020,Hawaii,LFP,3523661,235
2020,Idaho,LFP,2720781.06,201
2020,Illinois,LFP,265252,1
2020,Indiana,LFP,23569,1
2020,Iowa,LFP,7264058.96,2545
2020,Kansas,LFP,3887062,741
2020,Kentucky,LFP,0,0
2020,Louisiana,LFP,21458,4
2020,Maine,LFP,325876.42,183
2020,Maryland,LFP,0,0
2020,Massachusetts,LFP,284261.87,232
2020,Michigan,LFP,570133,1
2020,Minnesota,LFP,27148,25
2020,Mississippi,LFP,109503,96
2020,Missouri,LFP,17979001.93,4510
2020,Montana,LFP,6840079,968
2020,Nebraska,LFP,16332936.31,3053
2020,Nevada,LFP,11974040,418
2020,New Hampshire,LFP,80898,40
2020,New Jersey,LFP,0,0
2020,New Mexico,LFP,31511293.08,2894
2020,New York,LFP,28512,2
2020,North Carolina,LFP,0,0
2020,North Dakota,LFP,1804095.5,892
2020,Ohio,LFP,0,0
2020,Oklahoma,LFP,41905469.05,7394
2020,Oregon,LFP,25596821.72,1788
2020,Pennsylvania,LFP,0,0
2020,Rhode Island,LFP,44879,29
2020,South Carolina,LFP,6048,7
2020,South Dakota,LFP,5147663,900
2020,Tennessee,LFP,0,0
2020,Texas,LFP,72413706.05,16243
2020,Utah,LFP,23728771.93,1628
2020,Vermont,LFP,0,0
2020,Virginia,LFP,6335,1
2020,Washington,LFP,2084727,238
2020,West Virginia,LFP,311,1
2020,Wisconsin,LFP,1941,1
2020,Wyoming,LFP,41857253.73,2415
2021,Alabama,LFP,84975,3
2021,Alaska ,LFP,0,0
2021,Arizona,LFP,14519896.53,1785
2021,Arkansas,LFP,2885804,16
2021,California,LFP,51496413.51,2905
2021,Colorado,LFP,44166128.4,3501
2021,Connecticut,LFP,11458,1
2021,Delaware,LFP,0,0
2021,Florida,LFP,8307500,143
2021,Georgia,LFP,5048073,150
2021,Hawaii,LFP,3553336,230
2021,Idaho,LFP,28100630.34,2135
2021,Illinois,LFP,1006799,19
2021,Indiana,LFP,69375,5
2021,Iowa,LFP,3965889.15,2968
2021,Kansas,LFP,2214416,662
2021,Kentucky,LFP,14294,9
2021,Louisiana,LFP,59072631,788
2021,Maine,LFP,116051,87
2021,Maryland,LFP,0,0
2021,Massachusetts,LFP,2559863,19
2021,Michigan,LFP,672142,10
2021,Minnesota,LFP,20172293.97,5400
2021,Mississippi,LFP,720548,9
2021,Missouri,LFP,3834,3
2021,Montana,LFP,125989940.3,7448
2021,Nebraska,LFP,19529695.55,3227
2021,Nevada,LFP,14239997.5,532
2021,New Hampshire,LFP,199,1
2021,New Jersey,LFP,377529,6
2021,New Mexico,LFP,34182000.06,3186
2021,New York,LFP,683138,32
2021,North Carolina,LFP,948667,14
2021,North Dakota,LFP,97325665.25,9172
2021,Ohio,LFP,58924,14
2021,Oklahoma,LFP,34524981.98,7716
2021,Oregon,LFP,42576709.9,2855
2021,Pennsylvania,LFP,356989,21
2021,Rhode Island,LFP,567001,6
2021,South Carolina,LFP,18035,3
2021,South Dakota,LFP,114815631.3,12844
2021,Tennessee,LFP,42003,19
2021,Texas,LFP,81431297.14,18127
2021,Utah,LFP,31784171.36,2165
2021,Vermont,LFP,279675,3
2021,Virginia,LFP,56086,8
2021,Washington,LFP,12868829.87,1026
2021,West Virginia,LFP,97604,20
2021,Wisconsin,LFP,375855,218
2021,Wyoming,LFP,55688910.62,2769
2022,Alabama,LFP,396225,255
2022,Alaska ,LFP,0,0
2022,Arizona,LFP,11529943.24,1730
2022,Arkansas,LFP,92540638.36,12588
2022,California,LFP,55671332.83,2460
2022,Colorado,LFP,47214956.07,3580
2022,Connecticut,LFP,179510,57
2022,Delaware,LFP,0,0
2022,Florida,LFP,12033905,55
2022,Georgia,LFP,82776,47
2022,Hawaii,LFP,6050384.61,253
2022,Idaho,LFP,23449250.49,1463
2022,Illinois,LFP,1039758,379
2022,Indiana,LFP,268,1
2022,Iowa,LFP,14270870,4604
2022,Kansas,LFP,140063990.3,14224
2022,Kentucky,LFP,2545306,608
2022,Louisiana,LFP,25850907.66,3551
2022,Maine,LFP,80985,65
2022,Maryland,LFP,0,0
2022,Massachusetts,LFP,813592,281
2022,Michigan,LFP,177147,18
2022,Minnesota,LFP,5180042.64,1145
2022,Mississippi,LFP,3851881,1508
2022,Missouri,LFP,149411968.9,19435
2022,Montana,LFP,120298817.4,6284
2022,Nebraska,LFP,152826992.4,12001
2022,Nevada,LFP,16478145,419
2022,New Hampshire,LFP,78918,31
2022,New Jersey,LFP,4042,2
2022,New Mexico,LFP,45352113.96,2890
2022,New York,LFP,89729,36
2022,North Carolina,LFP,6015392,502
2022,North Dakota,LFP,11823501,1050
2022,Ohio,LFP,124856,13
2022,Oklahoma,LFP,374455947.8,31828
2022,Oregon,LFP,47707835.55,2263
2022,Pennsylvania,LFP,64267,22
2022,Rhode Island,LFP,401072,56
2022,South Carolina,LFP,81700,108
2022,South Dakota,LFP,88471217,7297
2022,Tennessee,LFP,2362104,933
2022,Texas,LFP,326127491.5,39643
2022,Utah,LFP,36985608.81,1744
2022,Vermont,LFP,0,0
2022,Virginia,LFP,127,1
2022,Washington,LFP,5776602,417
2022,West Virginia,LFP,98762,149
2022,Wisconsin,LFP,76462,6
2022,Wyoming,LFP,52411479.89,2167
2014,Alabama,LIP,357136,90
2014,Alaska ,LIP,0,0
2014,Arizona,LIP,1772,1
2014,Arkansas,LIP,978578,138
2014,California,LIP,1386,2
2014,Colorado,LIP,0,0
2014,Connecticut,LIP,0,0
2014,Delaware,LIP,0,0
2014,Florida,LIP,222451,28
2014,Georgia,LIP,152238,39
2014,Hawaii,LIP,0,0
2014,Idaho,LIP,21792,12
2014,Illinois,LIP,281303,37
2014,Indiana,LIP,967355,226
2014,Iowa,LIP,929696.38,127
2014,Kansas,LIP,274477,48
2014,Kentucky,LIP,6368158,1279
2014,Louisiana,LIP,53661,15
2014,Maine,LIP,10771,1
2014,Maryland,LIP,1001,1
2014,Massachusetts,LIP,9720,1
2014,Michigan,LIP,1282936,133
2014,Minnesota,LIP,989710,131
2014,Mississippi,LIP,372131,57
2014,Missouri,LIP,592666,138
2014,Montana,LIP,1705031.55,220
2014,Nebraska,LIP,1190896,99
2014,Nevada,LIP,0,0
2014,New Hampshire,LIP,0,0
2014,New Jersey,LIP,2588,2
2014,New Mexico,LIP,181130,12
2014,New York,LIP,196874,18
2014,North Carolina,LIP,568545,126
2014,North Dakota,LIP,932084,155
2014,Ohio,LIP,301435,59
2014,Oklahoma,LIP,196943,30
2014,Oregon,LIP,166606,32
2014,Pennsylvania,LIP,43058,2
2014,Rhode Island,LIP,0,0
2014,South Carolina,LIP,199178,14
2014,South Dakota,LIP,734582,123
2014,Tennessee,LIP,600495,122
2014,Texas,LIP,159079,28
2014,Utah,LIP,1888,1
2014,Vermont,LIP,17244,3
2014,Virginia,LIP,550625,114
2014,Washington,LIP,594759,29
2014,West Virginia,LIP,525360,180
2014,Wisconsin,LIP,497881,74
2014,Wyoming,LIP,188117,17
2015,Alabama,LIP,280512,54
2015,Alaska ,LIP,0,0
2015,Arizona,LIP,0,0
2015,Arkansas,LIP,1351774,211
2015,California,LIP,97949,14
2015,Colorado,LIP,161077,7
2015,Connecticut,LIP,0,0
2015,Delaware,LIP,0,0
2015,Florida,LIP,116065,27
2015,Georgia,LIP,108551,24
2015,Hawaii,LIP,0,0
2015,Idaho,LIP,474111,14
2015,Illinois,LIP,187488,10
2015,Indiana,LIP,93822,29
2015,Iowa,LIP,858977,82
2015,Kansas,LIP,623963.98,69
2015,Kentucky,LIP,12271598.9,3467
2015,Louisiana,LIP,30447,8
2015,Maine,LIP,438,2
2015,Maryland,LIP,5499,1
2015,Massachusetts,LIP,0,0
2015,Michigan,LIP,140409,21
2015,Minnesota,LIP,24975,7
2015,Mississippi,LIP,273293,38
2015,Missouri,LIP,338185,71
2015,Montana,LIP,30613,6
2015,Nebraska,LIP,3796733.75,249
2015,Nevada,LIP,0,0
2015,New Hampshire,LIP,0,0
2015,New Jersey,LIP,6188,2
2015,New Mexico,LIP,8621604.63,244
2015,New York,LIP,52383,8
2015,North Carolina,LIP,301515,109
2015,North Dakota,LIP,197503,45
2015,Ohio,LIP,377879,135
2015,Oklahoma,LIP,1788409.6,127
2015,Oregon,LIP,318367,15
2015,Pennsylvania,LIP,0,0
2015,Rhode Island,LIP,0,0
2015,South Carolina,LIP,162297,27
2015,South Dakota,LIP,699226,55
2015,Tennessee,LIP,1326880,302
2015,Texas,LIP,10034730,336
2015,Utah,LIP,0,0
2015,Vermont,LIP,0,0
2015,Virginia,LIP,1147853.25,332
2015,Washington,LIP,720361,47
2015,West Virginia,LIP,1080846,403
2015,Wisconsin,LIP,59260,11
2015,Wyoming,LIP,484974,19
2016,Alabama,LIP,135270,40
2016,Alaska ,LIP,0,0
2016,Arizona,LIP,1526,1
2016,Arkansas,LIP,396923,75
2016,California,LIP,12336,4
2016,Colorado,LIP,109855,8
2016,Connecticut,LIP,0,0
2016,Delaware,LIP,0,0
2016,Florida,LIP,73894,17
2016,Georgia,LIP,58286,12
2016,Hawaii,LIP,0,0
2016,Idaho,LIP,42432,5
2016,Illinois,LIP,25906,3
2016,Indiana,LIP,12435,6
2016,Iowa,LIP,1244144,110
2016,Kansas,LIP,572154,59
2016,Kentucky,LIP,3719122,1547
2016,Louisiana,LIP,1854122,139
2016,Maine,LIP,0,0
2016,Maryland,LIP,2927,1
2016,Massachusetts,LIP,0,0
2016,Michigan,LIP,2821,1
2016,Minnesota,LIP,297049,23
2016,Mississippi,LIP,145377,29
2016,Missouri,LIP,219865,56
2016,Montana,LIP,210485,26
2016,Nebraska,LIP,1159970.45,167
2016,Nevada,LIP,0,0
2016,New Hampshire,LIP,0,0
2016,New Jersey,LIP,34998,5
2016,New Mexico,LIP,2238654,59
2016,New York,LIP,9800,1
2016,North Carolina,LIP,894017,116
2016,North Dakota,LIP,1245924,86
2016,Ohio,LIP,103773,48
2016,Oklahoma,LIP,1123955,74
2016,Oregon,LIP,62550,7
2016,Pennsylvania,LIP,4275,1
2016,Rhode Island,LIP,0,0
2016,South Carolina,LIP,181767,16
2016,South Dakota,LIP,945195,69
2016,Tennessee,LIP,307242,101
2016,Texas,LIP,2893277,167
2016,Utah,LIP,327436,46
2016,Vermont,LIP,0,0
2016,Virginia,LIP,241815,77
2016,Washington,LIP,66566,5
2016,West Virginia,LIP,315478,183
2016,Wisconsin,LIP,59802,16
2016,Wyoming,LIP,624106,53
2017,Alabama,LIP,184816,41
2017,Alaska ,LIP,0,0
2017,Arizona,LIP,0,0
2017,Arkansas,LIP,305614,91
2017,California,LIP,2861845.98,76
2017,Colorado,LIP,585224,40
2017,Connecticut,LIP,0,0
2017,Delaware,LIP,0,0
2017,Florida,LIP,409892,63
2017,Georgia,LIP,84041,24
2017,Hawaii,LIP,0,0
2017,Idaho,LIP,2041956,91
2017,Illinois,LIP,9527,2
2017,Indiana,LIP,49336,11
2017,Iowa,LIP,1248893,83
2017,Kansas,LIP,6801279,364
2017,Kentucky,LIP,1042467.8,817
2017,Louisiana,LIP,9024,5
2017,Maine,LIP,0,0
2017,Maryland,LIP,0,0
2017,Massachusetts,LIP,0,0
2017,Michigan,LIP,10450,4
2017,Minnesota,LIP,35674,9
2017,Mississippi,LIP,72897,28
2017,Missouri,LIP,376284,83
2017,Montana,LIP,314867,45
2017,Nebraska,LIP,285501,51
2017,Nevada,LIP,63608,7
2017,New Hampshire,LIP,0,0
2017,New Jersey,LIP,0,0
2017,New Mexico,LIP,1080983.85,49
2017,New York,LIP,110454,5
2017,North Carolina,LIP,53134,27
2017,North Dakota,LIP,447566,72
2017,Ohio,LIP,65555,38
2017,Oklahoma,LIP,2351143,174
2017,Oregon,LIP,1842511,142
2017,Pennsylvania,LIP,140157,3
2017,Rhode Island,LIP,0,0
2017,South Carolina,LIP,6117,4
2017,South Dakota,LIP,153921,38
2017,Tennessee,LIP,62382,38
2017,Texas,LIP,7302679.61,381
2017,Utah,LIP,192981,24
2017,Vermont,LIP,34029,1
2017,Virginia,LIP,38608,19
2017,Washington,LIP,355375,62
2017,West Virginia,LIP,64302,57
2017,Wisconsin,LIP,31337,5
2017,Wyoming,LIP,396893,33
2018,Alabama,LIP,60062,24
2018,Alaska ,LIP,0,0
2018,Arizona,LIP,0,0
2018,Arkansas,LIP,242340,62
2018,California,LIP,241337,10
2018,Colorado,LIP,1134316,38
2018,Connecticut,LIP,0,0
2018,Delaware,LIP,0,0
2018,Florida,LIP,302763,38
2018,Georgia,LIP,1063284,82
2018,Hawaii,LIP,394347,6
2018,Idaho,LIP,165081,16
2018,Illinois,LIP,5921,5
2018,Indiana,LIP,25228,7
2018,Iowa,LIP,1096913,149
2018,Kansas,LIP,834323,95
2018,Kentucky,LIP,1954054.93,1176
2018,Louisiana,LIP,35376,10
2018,Maine,LIP,0,0
2018,Maryland,LIP,1145,1
2018,Massachusetts,LIP,0,0
2018,Michigan,LIP,20248,5
2018,Minnesota,LIP,791402,123
2018,Mississippi,LIP,83849,25
2018,Missouri,LIP,99935,43
2018,Montana,LIP,12134090.32,1138
2018,Nebraska,LIP,1251800,227
2018,Nevada,LIP,923,1
2018,New Hampshire,LIP,329,1
2018,New Jersey,LIP,0,0
2018,New Mexico,LIP,437174,11
2018,New York,LIP,28217,6
2018,North Carolina,LIP,1858598.84,179
2018,North Dakota,LIP,257096,78
2018,Ohio,LIP,43991,34
2018,Oklahoma,LIP,1087177,119
2018,Oregon,LIP,130113,13
2018,Pennsylvania,LIP,4574,3
2018,Rhode Island,LIP,4599,2
2018,South Carolina,LIP,64620,13
2018,South Dakota,LIP,7676244,1569
2018,Tennessee,LIP,75673,34
2018,Texas,LIP,485387,57
2018,Utah,LIP,218870,24
2018,Vermont,LIP,0,0
2018,Virginia,LIP,44385,35
2018,Washington,LIP,18445,2
2018,West Virginia,LIP,246737,133
2018,Wisconsin,LIP,630672,104
2018,Wyoming,LIP,582360,64
2019,Alabama,LIP,61745,13
2019,Alaska ,LIP,0,0
2019,Arizona,LIP,0,0
2019,Arkansas,LIP,849055,108
2019,California,LIP,469654,42
2019,Colorado,LIP,795716,91
2019,Connecticut,LIP,0,0
2019,Delaware,LIP,0,0
2019,Florida,LIP,33345,12
2019,Georgia,LIP,69917,11
2019,Hawaii,LIP,0,0
2019,Idaho,LIP,548352,50
2019,Illinois,LIP,63817,18
2019,Indiana,LIP,445081,14
2019,Iowa,LIP,1180145,173
2019,Kansas,LIP,8067424,1698
2019,Kentucky,LIP,501282,406
2019,Louisiana,LIP,82096,12
2019,Maine,LIP,6552,1
2019,Maryland,LIP,0,0
2019,Massachusetts,LIP,0,0
2019,Michigan,LIP,70853,14
2019,Minnesota,LIP,1925397.97,253
2019,Mississippi,LIP,103503,25
2019,Missouri,LIP,619023.36,217
2019,Montana,LIP,3854524.87,538
2019,Nebraska,LIP,27000257.41,3497
2019,Nevada,LIP,50265,7
2019,New Hampshire,LIP,0,0
2019,New Jersey,LIP,0,0
2019,New Mexico,LIP,703366.19,15
2019,New York,LIP,0,0
2019,North Carolina,LIP,328084,50
2019,North Dakota,LIP,2261484,253
2019,Ohio,LIP,223497,51
2019,Oklahoma,LIP,937175.87,115
2019,Oregon,LIP,2843727,292
2019,Pennsylvania,LIP,2665,1
2019,Rhode Island,LIP,0,0
2019,South Carolina,LIP,16999,8
2019,South Dakota,LIP,19275797,2257
2019,Tennessee,LIP,214923,40
2019,Texas,LIP,958949,94
2019,Utah,LIP,535880,79
2019,Vermont,LIP,6756,1
2019,Virginia,LIP,53259,30
2019,Washington,LIP,5343264.78,189
2019,West Virginia,LIP,164525,113
2019,Wisconsin,LIP,850923,86
2019,Wyoming,LIP,2577239,186
2020,Alabama,LIP,69077,17
2020,Alaska ,LIP,0,0
2020,Arizona,LIP,0,0
2020,Arkansas,LIP,150045,48
2020,California,LIP,1282602.75,43
2020,Colorado,LIP,31257,2
2020,Connecticut,LIP,0,0
2020,Delaware,LIP,0,0
2020,Florida,LIP,52028,11
2020,Georgia,LIP,70143,14
2020,Hawaii,LIP,0,0
2020,Idaho,LIP,79101,7
2020,Illinois,LIP,3533,3
2020,Indiana,LIP,1300,2
2020,Iowa,LIP,189888,31
2020,Kansas,LIP,396146,64
2020,Kentucky,LIP,149641,116
2020,Louisiana,LIP,475514,46
2020,Maine,LIP,0,0
2020,Maryland,LIP,0,0
2020,Massachusetts,LIP,0,0
2020,Michigan,LIP,0,0
2020,Minnesota,LIP,70621,15
2020,Mississippi,LIP,368586,32
2020,Missouri,LIP,103961,47
2020,Montana,LIP,349084,56
2020,Nebraska,LIP,76295,31
2020,Nevada,LIP,0,0
2020,New Hampshire,LIP,0,0
2020,New Jersey,LIP,0,0
2020,New Mexico,LIP,665661,16
2020,New York,LIP,3357,2
2020,North Carolina,LIP,28986,15
2020,North Dakota,LIP,163021,37
2020,Ohio,LIP,43149,15
2020,Oklahoma,LIP,430601,46
2020,Oregon,LIP,0,0
2020,Pennsylvania,LIP,837,1
2020,Rhode Island,LIP,0,0
2020,South Carolina,LIP,15995,10
2020,South Dakota,LIP,94677,39
2020,Tennessee,LIP,50264,17
2020,Texas,LIP,443587,40
2020,Utah,LIP,43456,1
2020,Vermont,LIP,0,0
2020,Virginia,LIP,38110,13
2020,Washington,LIP,510963,8
2020,West Virginia,LIP,37708,37
2020,Wisconsin,LIP,4580,2
2020,Wyoming,LIP,254374,47
2021,Alabama,LIP,79767,15
2021,Alaska ,LIP,0,0
2021,Arizona,LIP,21936,1
2021,Arkansas,LIP,2322730.2,758
2021,California,LIP,237687,10
2021,Colorado,LIP,55231,13
2021,Connecticut,LIP,1697,1
2021,Delaware,LIP,0,0
2021,Florida,LIP,49178,9
2021,Georgia,LIP,22331,7
2021,Hawaii,LIP,95,1
2021,Idaho,LIP,5133,1
2021,Illinois,LIP,46974,37
2021,Indiana,LIP,10404,2
2021,Iowa,LIP,184817,48
2021,Kansas,LIP,3292471,968
2021,Kentucky,LIP,545835,422
2021,Louisiana,LIP,1679215.81,197
2021,Maine,LIP,0,0
2021,Maryland,LIP,0,0
2021,Massachusetts,LIP,0,0
2021,Michigan,LIP,158481,2
2021,Minnesota,LIP,352279,48
2021,Mississippi,LIP,416252,122
2021,Missouri,LIP,903710.78,765
2021,Montana,LIP,230025,62
2021,Nebraska,LIP,595740.35,228
2021,Nevada,LIP,26516,1
2021,New Hampshire,LIP,0,0
2021,New Jersey,LIP,52683,1
2021,New Mexico,LIP,1305430,30
2021,New York,LIP,3112,1
2021,North Carolina,LIP,71668,14
2021,North Dakota,LIP,279180,26
2021,Ohio,LIP,38130,9
2021,Oklahoma,LIP,4151619.1,1869
2021,Oregon,LIP,509601,22
2021,Pennsylvania,LIP,0,0
2021,Rhode Island,LIP,0,0
2021,South Carolina,LIP,12322,4
2021,South Dakota,LIP,737345,59
2021,Tennessee,LIP,140728,36
2021,Texas,LIP,9162205,1436
2021,Utah,LIP,4923,1
2021,Vermont,LIP,0,0
2021,Virginia,LIP,66182,20
2021,Washington,LIP,1875842,26
2021,West Virginia,LIP,32475,57
2021,Wisconsin,LIP,15234,4
2021,Wyoming,LIP,89319,30
2022,Alabama,LIP,68770,7
2022,Alaska ,LIP,0,0
2022,Arizona,LIP,15729,1
2022,Arkansas,LIP,160465,58
2022,California,LIP,34911,3
2022,Colorado,LIP,38195,11
2022,Connecticut,LIP,0,0
2022,Delaware,LIP,0,0
2022,Florida,LIP,756877,29
2022,Georgia,LIP,120596,24
2022,Hawaii,LIP,0,0
2022,Idaho,LIP,69644,4
2022,Illinois,LIP,43321,8
2022,Indiana,LIP,85683,9
2022,Iowa,LIP,968560,91
2022,Kansas,LIP,1480315.21,238
2022,Kentucky,LIP,1290777.28,632
2022,Louisiana,LIP,66373,7
2022,Maine,LIP,0,0
2022,Maryland,LIP,0,0
2022,Massachusetts,LIP,0,0
2022,Michigan,LIP,145878,2
2022,Minnesota,LIP,1454141.13,86
2022,Mississippi,LIP,57382,17
2022,Missouri,LIP,177207,33
2022,Montana,LIP,4002685,393
2022,Nebraska,LIP,3261282,267
2022,Nevada,LIP,85915,1
2022,New Hampshire,LIP,0,0
2022,New Jersey,LIP,16146,5
2022,New Mexico,LIP,748567,29
2022,New York,LIP,68511,4
2022,North Carolina,LIP,53952,14
2022,North Dakota,LIP,14377703.64,1384
2022,Ohio,LIP,38440,20
2022,Oklahoma,LIP,633142.45,81
2022,Oregon,LIP,1163412,33
2022,Pennsylvania,LIP,0,0
2022,Rhode Island,LIP,0,0
2022,South Carolina,LIP,447,1
2022,South Dakota,LIP,13744441.42,971
2022,Tennessee,LIP,165421,21
2022,Texas,LIP,799480,84
2022,Utah,LIP,0,0
2022,Vermont,LIP,34672,2
2022,Virginia,LIP,105683,27
2022,Washington,LIP,264964,16
2022,West Virginia,LIP,89971,67
2022,Wisconsin,LIP,2585,3
2022,Wyoming,LIP,1262804,119
2014,Alabama,TAP,82557,13
2014,Alaska ,TAP,0,0
2014,Arizona,TAP,0,0
2014,Arkansas,TAP,0,0
2014,California,TAP,1529133.48,85
2014,Colorado,TAP,217098,14
2014,Connecticut,TAP,34030,3
2014,Delaware,TAP,4624,1
2014,Florida,TAP,6363382.36,359
2014,Georgia,TAP,371207,19
2014,Hawaii,TAP,228375,48
2014,Idaho,TAP,0,0
2014,Illinois,TAP,33148,4
2014,Indiana,TAP,52237,6
2014,Iowa,TAP,688,1
2014,Kansas,TAP,0,0
2014,Kentucky,TAP,95456,14
2014,Louisiana,TAP,5644,1
2014,Maine,TAP,540,1
2014,Maryland,TAP,101112,12
2014,Massachusetts,TAP,0,0
2014,Michigan,TAP,853301,98
2014,Minnesota,TAP,21119,7
2014,Mississippi,TAP,0,0
2014,Missouri,TAP,138119,6
2014,Montana,TAP,0,0
2014,Nebraska,TAP,82462,5
2014,Nevada,TAP,0,0
2014,New Hampshire,TAP,0,0
2014,New Jersey,TAP,284283,20
2014,New Mexico,TAP,1947,1
2014,New York,TAP,235614,35
2014,North Carolina,TAP,349613,25
2014,North Dakota,TAP,0,0
2014,Ohio,TAP,1250921,104
2014,Oklahoma,TAP,35096,4
2014,Oregon,TAP,329367,22
2014,Pennsylvania,TAP,219146,27
2014,Rhode Island,TAP,0,0
2014,South Carolina,TAP,1420,1
2014,South Dakota,TAP,0,0
2014,Tennessee,TAP,1071733,40
2014,Texas,TAP,246878,9
2014,Utah,TAP,0,0
2014,Vermont,TAP,0,0
2014,Virginia,TAP,221282,31
2014,Washington,TAP,26291,3
2014,West Virginia,TAP,0,0
2014,Wisconsin,TAP,283038,45
2014,Wyoming,TAP,0,0
2015,Alabama,TAP,57068,12
2015,Alaska ,TAP,0,0
2015,Arizona,TAP,0,0
2015,Arkansas,TAP,0,0
2015,California,TAP,2245769.07,67
2015,Colorado,TAP,0,0
2015,Connecticut,TAP,1703,3
2015,Delaware,TAP,0,0
2015,Florida,TAP,2347113.61,118
2015,Georgia,TAP,385579,17
2015,Hawaii,TAP,0,0
2015,Idaho,TAP,270487.33,12
2015,Illinois,TAP,38749,6
2015,Indiana,TAP,9198,3
2015,Iowa,TAP,0,0
2015,Kansas,TAP,0,0
2015,Kentucky,TAP,8421,2
2015,Louisiana,TAP,0,0
2015,Maine,TAP,3471,2
2015,Maryland,TAP,2229,1
2015,Massachusetts,TAP,128188,4
2015,Michigan,TAP,455429,77
2015,Minnesota,TAP,136769,6
2015,Mississippi,TAP,0,0
2015,Missouri,TAP,19366,3
2015,Montana,TAP,0,0
2015,Nebraska,TAP,0,0
2015,Nevada,TAP,0,0
2015,New Hampshire,TAP,0,0
2015,New Jersey,TAP,36909,5
2015,New Mexico,TAP,2183,1
2015,New York,TAP,495934,32
2015,North Carolina,TAP,1753,1
2015,North Dakota,TAP,0,0
2015,Ohio,TAP,305927,20
2015,Oklahoma,TAP,144,1
2015,Oregon,TAP,1576975.92,88
2015,Pennsylvania,TAP,58463,10
2015,Rhode Island,TAP,1336,1
2015,South Carolina,TAP,0,0
2015,South Dakota,TAP,0,0
2015,Tennessee,TAP,485507,21
2015,Texas,TAP,6894,4
2015,Utah,TAP,0,0
2015,Vermont,TAP,0,0
2015,Virginia,TAP,52471,7
2015,Washington,TAP,229186,11
2015,West Virginia,TAP,0,0
2015,Wisconsin,TAP,53442,8
2015,Wyoming,TAP,0,0
2016,Alabama,TAP,1179,2
2016,Alaska ,TAP,0,0
2016,Arizona,TAP,0,0
2016,Arkansas,TAP,14188,2
2016,California,TAP,1595460.31,46
2016,Colorado,TAP,0,0
2016,Connecticut,TAP,0,0
2016,Delaware,TAP,0,0
2016,Florida,TAP,5236203.81,187
2016,Georgia,TAP,87369.48,13
2016,Hawaii,TAP,0,0
2016,Idaho,TAP,0,0
2016,Illinois,TAP,1009,1
2016,Indiana,TAP,0,0
2016,Iowa,TAP,0,0
2016,Kansas,TAP,0,0
2016,Kentucky,TAP,6829,2
2016,Louisiana,TAP,0,0
2016,Maine,TAP,0,0
2016,Maryland,TAP,0,0
2016,Massachusetts,TAP,118959,12
2016,Michigan,TAP,74268,13
2016,Minnesota,TAP,19710,2
2016,Mississippi,TAP,0,0
2016,Missouri,TAP,504,1
2016,Montana,TAP,0,0
2016,Nebraska,TAP,48499,1
2016,Nevada,TAP,0,0
2016,New Hampshire,TAP,18632,2
2016,New Jersey,TAP,19903,3
2016,New Mexico,TAP,0,0
2016,New York,TAP,203911,27
2016,North Carolina,TAP,291923,12
2016,North Dakota,TAP,0,0
2016,Ohio,TAP,27199,7
2016,Oklahoma,TAP,0,0
2016,Oregon,TAP,258696,9
2016,Pennsylvania,TAP,32742,2
2016,Rhode Island,TAP,14447,7
2016,South Carolina,TAP,0,0
2016,South Dakota,TAP,0,0
2016,Tennessee,TAP,76453,8
2016,Texas,TAP,104362,5
2016,Utah,TAP,0,0
2016,Vermont,TAP,0,0
2016,Virginia,TAP,25171,3
2016,Washington,TAP,15907,2
2016,West Virginia,TAP,0,0
2016,Wisconsin,TAP,6381,2
2016,Wyoming,TAP,0,0
2017,Alabama,TAP,8773,1
2017,Alaska ,TAP,0,0
2017,Arizona,TAP,0,0
2017,Arkansas,TAP,13452,2
2017,California,TAP,4132997.84,145
2017,Colorado,TAP,133980,1
2017,Connecticut,TAP,12555,1
2017,Delaware,TAP,2905,1
2017,Florida,TAP,19289850.26,407
2017,Georgia,TAP,1918056.63,70
2017,Hawaii,TAP,0,0
2017,Idaho,TAP,0,0
2017,Illinois,TAP,40345,1
2017,Indiana,TAP,14787,1
2017,Iowa,TAP,16285,2
2017,Kansas,TAP,0,0
2017,Kentucky,TAP,0,0
2017,Louisiana,TAP,0,0
2017,Maine,TAP,9480.1,1
2017,Maryland,TAP,0,0
2017,Massachusetts,TAP,11335,3
2017,Michigan,TAP,144722.2,10
2017,Minnesota,TAP,0,0
2017,Mississippi,TAP,0,0
2017,Missouri,TAP,0,0
2017,Montana,TAP,0,0
2017,Nebraska,TAP,0,0
2017,Nevada,TAP,0,0
2017,New Hampshire,TAP,0,0
2017,New Jersey,TAP,0,0
2017,New Mexico,TAP,0,0
2017,New York,TAP,102417,5
2017,North Carolina,TAP,83709,5
2017,North Dakota,TAP,0,0
2017,Ohio,TAP,28075,2
2017,Oklahoma,TAP,0,0
2017,Oregon,TAP,209589.85,17
2017,Pennsylvania,TAP,0,0
2017,Rhode Island,TAP,3700,1
2017,South Carolina,TAP,7636,1
2017,South Dakota,TAP,0,0
2017,Tennessee,TAP,237572,10
2017,Texas,TAP,259466.93,14
2017,Utah,TAP,0,0
2017,Vermont,TAP,0,0
2017,Virginia,TAP,30848,2
2017,Washington,TAP,56912,3
2017,West Virginia,TAP,0,0
2017,Wisconsin,TAP,22026,2
2017,Wyoming,TAP,0,0
2018,Alabama,TAP,888.53,2
2018,Alaska ,TAP,0,0
2018,Arizona,TAP,0,0
2018,Arkansas,TAP,5841,1
2018,California,TAP,1056518.67,45
2018,Colorado,TAP,0,0
2018,Connecticut,TAP,0,0
2018,Delaware,TAP,0,0
2018,Florida,TAP,1424031.75,95
2018,Georgia,TAP,354947.91,35
2018,Hawaii,TAP,220076.88,29
2018,Idaho,TAP,0,0
2018,Illinois,TAP,0,0
2018,Indiana,TAP,0,0
2018,Iowa,TAP,0,0
2018,Kansas,TAP,0,0
2018,Kentucky,TAP,0,0
2018,Louisiana,TAP,0,0
2018,Maine,TAP,1938.05,1
2018,Maryland,TAP,37187.23,2
2018,Massachusetts,TAP,0,0
2018,Michigan,TAP,396145.91,23
2018,Minnesota,TAP,0,0
2018,Mississippi,TAP,140,1
2018,Missouri,TAP,1485.2,2
2018,Montana,TAP,0,0
2018,Nebraska,TAP,0,0
2018,Nevada,TAP,0,0
2018,New Hampshire,TAP,8212,1
2018,New Jersey,TAP,20426,2
2018,New Mexico,TAP,0,0
2018,New York,TAP,30401.22,6
2018,North Carolina,TAP,2630829.3,55
2018,North Dakota,TAP,0,0
2018,Ohio,TAP,28815.21,5
2018,Oklahoma,TAP,0,0
2018,Oregon,TAP,75622.22,10
2018,Pennsylvania,TAP,107406.85,7
2018,Rhode Island,TAP,513,1
2018,South Carolina,TAP,0,0
2018,South Dakota,TAP,0,0
2018,Tennessee,TAP,828345.88,31
2018,Texas,TAP,38210.26,4
2018,Utah,TAP,0,0
2018,Vermont,TAP,0,0
2018,Virginia,TAP,210316.51,12
2018,Washington,TAP,105133.3,8
2018,West Virginia,TAP,0,0
2018,Wisconsin,TAP,1637,2
2018,Wyoming,TAP,0,0
2019,Alabama,TAP,0,0
2019,Alaska ,TAP,0,0
2019,Arizona,TAP,0,0
2019,Arkansas,TAP,0,0
2019,California,TAP,2902686.99,40
2019,Colorado,TAP,0,0
2019,Connecticut,TAP,0,0
2019,Delaware,TAP,0,0
2019,Florida,TAP,1037777.77,42
2019,Georgia,TAP,1149938.04,30
2019,Hawaii,TAP,0,0
2019,Idaho,TAP,0,0
2019,Illinois,TAP,35457.81,5
2019,Indiana,TAP,21233.72,5
2019,Iowa,TAP,8148.61,2
2019,Kansas,TAP,0,0
2019,Kentucky,TAP,0,0
2019,Louisiana,TAP,0,0
2019,Maine,TAP,0,0
2019,Maryland,TAP,636.12,1
2019,Massachusetts,TAP,0,0
2019,Michigan,TAP,962884.2,40
2019,Minnesota,TAP,0,0
2019,Mississippi,TAP,1425.76,1
2019,Missouri,TAP,7649.39,2
2019,Montana,TAP,0,0
2019,Nebraska,TAP,0,0
2019,Nevada,TAP,0,0
2019,New Hampshire,TAP,0,0
2019,New Jersey,TAP,23370.27,2
2019,New Mexico,TAP,0,0
2019,New York,TAP,38763.98,8
2019,North Carolina,TAP,335324.25,7
2019,North Dakota,TAP,0,0
2019,Ohio,TAP,73388.3,15
2019,Oklahoma,TAP,115393.89,4
2019,Oregon,TAP,122715.39,7
2019,Pennsylvania,TAP,131395.59,8
2019,Rhode Island,TAP,8466.07,6
2019,South Carolina,TAP,0,0
2019,South Dakota,TAP,0,0
2019,Tennessee,TAP,241253.34,10
2019,Texas,TAP,5029.96,1
2019,Utah,TAP,0,0
2019,Vermont,TAP,0,0
2019,Virginia,TAP,39420.38,5
2019,Washington,TAP,239020.31,12
2019,West Virginia,TAP,0,0
2019,Wisconsin,TAP,44424.8,4
2019,Wyoming,TAP,0,0
2020,Alabama,TAP,28359.78,8
2020,Alaska ,TAP,0,0
2020,Arizona,TAP,0,0
2020,Arkansas,TAP,0,0
2020,California,TAP,2991779.78,52
2020,Colorado,TAP,18693.79,4
2020,Connecticut,TAP,0,0
2020,Delaware,TAP,0,0
2020,Florida,TAP,1442932.28,44
2020,Georgia,TAP,255058.23,22
2020,Hawaii,TAP,0,0
2020,Idaho,TAP,0,0
2020,Illinois,TAP,13670.67,2
2020,Indiana,TAP,0,0
2020,Iowa,TAP,21351.41,1
2020,Kansas,TAP,0,0
2020,Kentucky,TAP,0,0
2020,Louisiana,TAP,655113.44,6
2020,Maine,TAP,31094.49,2
2020,Maryland,TAP,0,0
2020,Massachusetts,TAP,0,0
2020,Michigan,TAP,129248.69,10
2020,Minnesota,TAP,0,0
2020,Mississippi,TAP,0,0
2020,Missouri,TAP,0,0
2020,Montana,TAP,0,0
2020,Nebraska,TAP,0,0
2020,Nevada,TAP,0,0
2020,New Hampshire,TAP,2225.46,2
2020,New Jersey,TAP,0,0
2020,New Mexico,TAP,44488.84,4
2020,New York,TAP,13520.73,6
2020,North Carolina,TAP,84370.74,3
2020,North Dakota,TAP,0,0
2020,Ohio,TAP,23953.67,4
2020,Oklahoma,TAP,0,0
2020,Oregon,TAP,134357.05,12
2020,Pennsylvania,TAP,23153.61,5
2020,Rhode Island,TAP,49896.02,6
2020,South Carolina,TAP,0,0
2020,South Dakota,TAP,0,0
2020,Tennessee,TAP,638797.28,14
2020,Texas,TAP,941366.73,20
2020,Utah,TAP,0,0
2020,Vermont,TAP,0,0
2020,Virginia,TAP,11077.42,4
2020,Washington,TAP,103495.01,5
2020,West Virginia,TAP,0,0
2020,Wisconsin,TAP,23265.7,1
2020,Wyoming,TAP,0,0
2021,Alabama,TAP,0,0
2021,Alaska ,TAP,0,0
2021,Arizona,TAP,0,0
2021,Arkansas,TAP,0,0
2021,California,TAP,912691.51,24
2021,Colorado,TAP,1520966.2,49
2021,Connecticut,TAP,41523.12,1
2021,Delaware,TAP,0,0
2021,Florida,TAP,713725.07,30
2021,Georgia,TAP,209740.17,10
2021,Hawaii,TAP,0,0
2021,Idaho,TAP,0,0
2021,Illinois,TAP,0,0
2021,Indiana,TAP,0,0
2021,Iowa,TAP,0,0
2021,Kansas,TAP,46715.26,7
2021,Kentucky,TAP,0,0
2021,Louisiana,TAP,1003653.75,21
2021,Maine,TAP,0,0
2021,Maryland,TAP,61156.39,1
2021,Massachusetts,TAP,0,0
2021,Michigan,TAP,155202.7,10
2021,Minnesota,TAP,23839.98,3
2021,Mississippi,TAP,0,0
2021,Missouri,TAP,10246.64,2
2021,Montana,TAP,0,0
2021,Nebraska,TAP,10450.33,1
2021,Nevada,TAP,0,0
2021,New Hampshire,TAP,43120.56,1
2021,New Jersey,TAP,0,0
2021,New Mexico,TAP,77228.88,2
2021,New York,TAP,1442.79,1
2021,North Carolina,TAP,21044.93,1
2021,North Dakota,TAP,0,0
2021,Ohio,TAP,0,0
2021,Oklahoma,TAP,21199.58,3
2021,Oregon,TAP,796751.93,47
2021,Pennsylvania,TAP,6702.84,2
2021,Rhode Island,TAP,1439.02,1
2021,South Carolina,TAP,0,0
2021,South Dakota,TAP,0,0
2021,Tennessee,TAP,87363.29,6
2021,Texas,TAP,4320843.34,60
2021,Utah,TAP,0,0
2021,Vermont,TAP,0,0
2021,Virginia,TAP,77139.29,2
2021,Washington,TAP,73459.7,4
2021,West Virginia,TAP,0,0
2021,Wisconsin,TAP,2481.98,1
2021,Wyoming,TAP,0,0
2022,Alabama,TAP,1182214.58,4
2022,Alaska ,TAP,0,0
2022,Arizona,TAP,0,0
2022,Arkansas,TAP,18051.85,2
2022,California,TAP,938580.18,25
2022,Colorado,TAP,0,0
2022,Connecticut,TAP,0,0
2022,Delaware,TAP,0,0
2022,Florida,TAP,6079756.65,74
2022,Georgia,TAP,1061523.79,38
2022,Hawaii,TAP,0,0
2022,Idaho,TAP,0,0
2022,Illinois,TAP,11141.55,3
2022,Indiana,TAP,9299.87,2
2022,Iowa,TAP,0,0
2022,Kansas,TAP,0,0
2022,Kentucky,TAP,0,0
2022,Louisiana,TAP,47767.67,2
2022,Maine,TAP,428.12,1
2022,Maryland,TAP,0,0
2022,Massachusetts,TAP,1363.58,1
2022,Michigan,TAP,512550.65,19
2022,Minnesota,TAP,0,0
2022,Mississippi,TAP,2355.61,1
2022,Missouri,TAP,57269.34,3
2022,Montana,TAP,0,0
2022,Nebraska,TAP,1654.02,1
2022,Nevada,TAP,0,0
2022,New Hampshire,TAP,0,0
2022,New Jersey,TAP,2762.05,1
2022,New Mexico,TAP,0,0
2022,New York,TAP,174481.4,11
2022,North Carolina,TAP,477995.38,12
2022,North Dakota,TAP,0,0
2022,Ohio,TAP,47459.3,3
2022,Oklahoma,TAP,3986.06,2
2022,Oregon,TAP,74375.34,5
2022,Pennsylvania,TAP,558.26,1
2022,Rhode Island,TAP,12750.3,2
2022,South Carolina,TAP,189331.77,1
2022,South Dakota,TAP,0,0
2022,Tennessee,TAP,1076503.34,14
2022,Texas,TAP,85060.02,5
2022,Utah,TAP,0,0
2022,Vermont,TAP,0,0
2022,Virginia,TAP,6706.61,2
2022,Washington,TAP,45509.17,4
2022,West Virginia,TAP,0,0
2022,Wisconsin,TAP,920.37,2
2022,Wyoming,TAP,0,0
2023,Alabama,ELAP,4029472,30
2023,Alaska ,ELAP,0,0
2023,Arizona,ELAP,1990911.45,366
2023,Arkansas,ELAP,1730881,17
2023,California,ELAP,11168049.97,256
2023,Colorado,ELAP,2679602,124
2023,Connecticut,ELAP,61001,2
2023,Delaware,ELAP,13049,1
2023,Florida,ELAP,36538705.26,339
2023,Georgia,ELAP,8107859,183
2023,Hawaii,ELAP,22924,3
2023,Idaho,ELAP,2331618,66
2023,Illinois,ELAP,421522,41
2023,Indiana,ELAP,160754,10
2023,Iowa,ELAP,1949089,344
2023,Kansas,ELAP,11107744,2437
2023,Kentucky,ELAP,29342,9
2023,Louisiana,ELAP,6801283.63,467
2023,Maine,ELAP,161081,41
2023,Maryland,ELAP,0,0
2023,Massachusetts,ELAP,2410573,11
2023,Michigan,ELAP,1067125,29
2023,Minnesota,ELAP,4985102,548
2023,Mississippi,ELAP,4390886,329
2023,Missouri,ELAP,25437753,2945
2023,Montana,ELAP,15028625.27,1370
2023,Nebraska,ELAP,28899279.34,2699
2023,Nevada,ELAP,6567982,145
2023,New Hampshire,ELAP,30800,7
2023,New Jersey,ELAP,413321,7
2023,New Mexico,ELAP,2988204.39,351
2023,New York,ELAP,784135.41,36
2023,North Carolina,ELAP,10464761.58,77
2023,North Dakota,ELAP,5591903,71
2023,Ohio,ELAP,203822,26
2023,Oklahoma,ELAP,31457417.03,1748
2023,Oregon,ELAP,7311085,297
2023,Pennsylvania,ELAP,631379,48
2023,Rhode Island,ELAP,1669196,26
2023,South Carolina,ELAP,83279,5
2023,South Dakota,ELAP,13727943.67,1167
2023,Tennessee,ELAP,115065,18
2023,Texas,ELAP,67550097.64,5513
2023,Utah,ELAP,1554548,161
2023,Vermont,ELAP,757312.56,54
2023,Virginia,ELAP,1888969,15
2023,Washington,ELAP,2318780.17,79
2023,West Virginia,ELAP,60326,111
2023,Wisconsin,ELAP,759448,75
2023,Wyoming,ELAP,16192922.71,381
2023,Alabama,LFP,42749627.71,7674
2023,Alaska ,LFP,0,0
2023,Arizona,LFP,10187454.21,1502
2023,Arkansas,LFP,2803117,453
2023,California,LFP,45020815.2,1959
2023,Colorado,LFP,21625818.82,1237
2023,Connecticut,LFP,0,0
2023,Delaware,LFP,0,0
2023,Florida,LFP,23967071.76,1683
2023,Georgia,LFP,8999923.15,1406
2023,Hawaii,LFP,5724303,257
2023,Idaho,LFP,2595692,547
2023,Illinois,LFP,3071608,1250
2023,Indiana,LFP,0,0
2023,Iowa,LFP,39679483,9208
2023,Kansas,LFP,232591275.5,18387
2023,Kentucky,LFP,0,0
2023,Louisiana,LFP,51313809.93,5532
2023,Maine,LFP,0,0
2023,Maryland,LFP,116889,114
2023,Massachusetts,LFP,0,0
2023,Michigan,LFP,0,0
2023,Minnesota,LFP,18310795.12,4710
2023,Mississippi,LFP,73791228.4,9850
2023,Missouri,LFP,182530326.4,21535
2023,Montana,LFP,25834391.72,1930
2023,Nebraska,LFP,175275356.5,13752
2023,Nevada,LFP,11578674,354
2023,New Hampshire,LFP,0,0
2023,New Jersey,LFP,0,0
2023,New Mexico,LFP,48086619.36,2677
2023,New York,LFP,0,0
2023,North Carolina,LFP,2587130,576
2023,North Dakota,LFP,16045705,1590
2023,Ohio,LFP,0,0
2023,Oklahoma,LFP,307689851.4,20813
2023,Oregon,LFP,27972227.43,1724
2023,Pennsylvania,LFP,0,0
2023,Rhode Island,LFP,0,0
2023,South Carolina,LFP,3244646,632
2023,South Dakota,LFP,19554914.85,3598
2023,Tennessee,LFP,54903187.9,11629
2023,Texas,LFP,315366616.8,34876
2023,Utah,LFP,22223362.06,1107
2023,Vermont,LFP,0,0
2023,Virginia,LFP,3301006,1108
2023,Washington,LFP,2335567.66,404
2023,West Virginia,LFP,108096,60
2023,Wisconsin,LFP,21806929.47,5189
2023,Wyoming,LFP,7067986,426
2023,Alabama,LIP,252963,43
2023,Alaska ,LIP,0,0
2023,Arizona,LIP,502674,6
2023,Arkansas,LIP,406094,81
2023,California,LIP,5410275,52
2023,Colorado,LIP,674648,35
2023,Connecticut,LIP,0,0
2023,Delaware,LIP,0,0
2023,Florida,LIP,46979,16
2023,Georgia,LIP,144279,30
2023,Hawaii,LIP,0,0
2023,Idaho,LIP,6953931,416
2023,Illinois,LIP,204451,36
2023,Indiana,LIP,84837,4
2023,Iowa,LIP,8240996,337
2023,Kansas,LIP,6769645.31,348
2023,Kentucky,LIP,683917,234
2023,Louisiana,LIP,73604,16
2023,Maine,LIP,0,0
2023,Maryland,LIP,0,0
2023,Massachusetts,LIP,7909,1
2023,Michigan,LIP,0,0
2023,Minnesota,LIP,1512240,109
2023,Mississippi,LIP,78902,17
2023,Missouri,LIP,1478372,188
2023,Montana,LIP,3763363.32,222
2023,Nebraska,LIP,15123841,781
2023,Nevada,LIP,7232272,169
2023,New Hampshire,LIP,0,0
2023,New Jersey,LIP,0,0
2023,New Mexico,LIP,1012566,19
2023,New York,LIP,128393,2
2023,North Carolina,LIP,64558,18
2023,North Dakota,LIP,1378315,166
2023,Ohio,LIP,26494,12
2023,Oklahoma,LIP,283562,55
2023,Oregon,LIP,1765356,108
2023,Pennsylvania,LIP,14763,1
2023,Rhode Island,LIP,0,0
2023,South Carolina,LIP,1097,1
2023,South Dakota,LIP,4601335,472
2023,Tennessee,LIP,93380,37
2023,Texas,LIP,2452430.2,83
2023,Utah,LIP,12224752,607
2023,Vermont,LIP,33184,5
2023,Virginia,LIP,179181,72
2023,Washington,LIP,0,0
2023,West Virginia,LIP,57549,33
2023,Wisconsin,LIP,33720,7
2023,Wyoming,LIP,11153067.35,437
2023,Alabama,TAP,10425.81,2
2023,Alaska ,TAP,0,0
2023,Arizona,TAP,0,0
2023,Arkansas,TAP,7246.95,1
2023,California,TAP,1933988.64,27
2023,Colorado,TAP,0,0
2023,Connecticut,TAP,0,0
2023,Delaware,TAP,0,0
2023,Florida,TAP,5175824.14,32
2023,Georgia,TAP,2744519.42,42
2023,Hawaii,TAP,0,0
2023,Idaho,TAP,0,0
2023,Illinois,TAP,2756.41,1
2023,Indiana,TAP,3213.74,1
2023,Iowa,TAP,0,0
2023,Kansas,TAP,10619.12,1
2023,Kentucky,TAP,0,0
2023,Louisiana,TAP,1617.24,1
2023,Maine,TAP,4497.17,2
2023,Maryland,TAP,0,0
2023,Massachusetts,TAP,3212.79,4
2023,Michigan,TAP,190962.21,7
2023,Minnesota,TAP,11527.23,2
2023,Mississippi,TAP,5731.56,2
2023,Missouri,TAP,93540.87,3
2023,Montana,TAP,0,0
2023,Nebraska,TAP,0,0
2023,Nevada,TAP,0,0
2023,New Hampshire,TAP,2634.75,1
2023,New Jersey,TAP,0,0
2023,New Mexico,TAP,68786.19,3
2023,New York,TAP,30609.78,2
2023,North Carolina,TAP,53512.41,5
2023,North Dakota,TAP,0,0
2023,Ohio,TAP,42728.27,5
2023,Oklahoma,TAP,0,0
2023,Oregon,TAP,78434.96,4
2023,Pennsylvania,TAP,0,0
2023,Rhode Island,TAP,0,0
2023,South Carolina,TAP,0,0
2023,South Dakota,TAP,0,0
2023,Tennessee,TAP,2699374.28,37
2023,Texas,TAP,11292.42,1
2023,Utah,TAP,0,0
2023,Vermont,TAP,3313.7,2
2023,Virginia,TAP,4782.9,1
2023,Washington,TAP,122547.56,2
2023,West Virginia,TAP,0,0
2023,Wisconsin,TAP,65676.16,10
2023,Wyoming,TAP,0,0
2014,Alabama,MPP,0,0
2014,Alaska ,MPP,0,0
2014,Arizona,MPP,0,0
2014,Arkansas,MPP,0,0
2014,California,MPP,0,0
2014,Colorado,MPP,0,0
2014,Connecticut,MPP,0,0
2014,Delaware,MPP,0,0
2014,Florida,MPP,0,0
2014,Georgia,MPP,0,0
2014,Hawaii,MPP,0,0
2014,Idaho,MPP,0,0
2014,Illinois,MPP,0,0
2014,Indiana,MPP,0,0
2014,Iowa,MPP,0,0
2014,Kansas,MPP,0,0
2014,Kentucky,MPP,0,0
2014,Louisiana,MPP,0,0
2014,Maine,MPP,0,0
2014,Maryland,MPP,0,0
2014,Massachusetts,MPP,0,0
2014,Michigan,MPP,0,0
2014,Minnesota,MPP,0,0
2014,Mississippi,MPP,0,0
2014,Missouri,MPP,0,0
2014,Montana,MPP,0,0
2014,Nebraska,MPP,0,0
2014,Nevada,MPP,0,0
2014,New Hampshire,MPP,0,0
2014,New Jersey,MPP,0,0
2014,New Mexico,MPP,0,0
2014,New York,MPP,0,0
2014,North Carolina,MPP,0,0
2014,North Dakota,MPP,0,0
2014,Ohio,MPP,0,0
2014,Oklahoma,MPP,0,0
2014,Oregon,MPP,0,0
2014,Pennsylvania,MPP,0,0
2014,Rhode Island,MPP,0,0
2014,South Carolina,MPP,0,0
2014,South Dakota,MPP,0,0
2014,Tennessee,MPP,0,0
2014,Texas,MPP,0,0
2014,Utah,MPP,0,0
2014,Vermont,MPP,0,0
2014,Virginia,MPP,0,0
2014,Washington,MPP,0,0
2014,West Virginia,MPP,0,0
2014,Wisconsin,MPP,0,0
2014,Wyoming,MPP,0,0
2015,Alabama,MPP,0,0
2015,Alaska ,MPP,0,0
2015,Arizona,MPP,0,0
2015,Arkansas,MPP,0,0
2015,California,MPP,4913,1
2015,Colorado,MPP,68084,2
2015,Connecticut,MPP,169,1
2015,Delaware,MPP,0,0
2015,Florida,MPP,0,0
2015,Georgia,MPP,5234,2
2015,Hawaii,MPP,0,0
2015,Idaho,MPP,6358,1
2015,Illinois,MPP,25477.3,16
2015,Indiana,MPP,7846,7
2015,Iowa,MPP,26325,11
2015,Kansas,MPP,7998,3
2015,Kentucky,MPP,4533,3
2015,Louisiana,MPP,4871,2
2015,Maine,MPP,0,0
2015,Maryland,MPP,3799,1
2015,Massachusetts,MPP,1166,1
2015,Michigan,MPP,48066,18
2015,Minnesota,MPP,66950,35
2015,Mississippi,MPP,922,1
2015,Missouri,MPP,20335,13
2015,Montana,MPP,0,0
2015,Nebraska,MPP,1490,1
2015,Nevada,MPP,0,0
2015,New Hampshire,MPP,0,0
2015,New Jersey,MPP,1487,2
2015,New Mexico,MPP,5661,1
2015,New York,MPP,44694,29
2015,North Carolina,MPP,13606,4
2015,North Dakota,MPP,238,1
2015,Ohio,MPP,7675,4
2015,Oklahoma,MPP,247,1
2015,Oregon,MPP,0,0
2015,Pennsylvania,MPP,36589,16
2015,Rhode Island,MPP,0,0
2015,South Carolina,MPP,0,0
2015,South Dakota,MPP,2932,2
2015,Tennessee,MPP,3719,2
2015,Texas,MPP,32387,7
2015,Utah,MPP,639,1
2015,Vermont,MPP,0,0
2015,Virginia,MPP,26390,6
2015,Washington,MPP,4532,1
2015,West Virginia,MPP,0,0
2015,Wisconsin,MPP,166873,64
2015,Wyoming,MPP,0,0
2016,Alabama,MPP,5001,2
2016,Alaska ,MPP,0,0
2016,Arizona,MPP,0,0
2016,Arkansas,MPP,3868,7
2016,California,MPP,274022,14
2016,Colorado,MPP,285000,16
2016,Connecticut,MPP,28120,12
2016,Delaware,MPP,2314,1
2016,Florida,MPP,95849.49,5
2016,Georgia,MPP,153686,11
2016,Hawaii,MPP,0,0
2016,Idaho,MPP,158446,29
2016,Illinois,MPP,357173,188
2016,Indiana,MPP,192316,98
2016,Iowa,MPP,719196,375
2016,Kansas,MPP,129351,67
2016,Kentucky,MPP,58162,53
2016,Louisiana,MPP,13030,13
2016,Maine,MPP,8561,13
2016,Maryland,MPP,18481,17
2016,Massachusetts,MPP,32744,28
2016,Michigan,MPP,217501,125
2016,Minnesota,MPP,2039541,1070
2016,Mississippi,MPP,16104,12
2016,Missouri,MPP,424413,267
2016,Montana,MPP,23414,9
2016,Nebraska,MPP,92247,51
2016,Nevada,MPP,0,0
2016,New Hampshire,MPP,10075,9
2016,New Jersey,MPP,7372,4
2016,New Mexico,MPP,18706,2
2016,New York,MPP,392010,192
2016,North Carolina,MPP,84788,19
2016,North Dakota,MPP,22905,21
2016,Ohio,MPP,288203,144
2016,Oklahoma,MPP,23746,22
2016,Oregon,MPP,16728,6
2016,Pennsylvania,MPP,597603,358
2016,Rhode Island,MPP,931,1
2016,South Carolina,MPP,10888,2
2016,South Dakota,MPP,365037,92
2016,Tennessee,MPP,5944,9
2016,Texas,MPP,341303.07,33
2016,Utah,MPP,30389,11
2016,Vermont,MPP,27540,35
2016,Virginia,MPP,135874,47
2016,Washington,MPP,82842.11,31
2016,West Virginia,MPP,3989,5
2016,Wisconsin,MPP,2742259,1424
2016,Wyoming,MPP,0,0
2017,Alabama,MPP,0,0
2017,Alaska ,MPP,0,0
2017,Arizona,MPP,0,0
2017,Arkansas,MPP,0,0
2017,California,MPP,0,0
2017,Colorado,MPP,0,0
2017,Connecticut,MPP,0,0
2017,Delaware,MPP,0,0
2017,Florida,MPP,0,0
2017,Georgia,MPP,0,0
2017,Hawaii,MPP,0,0
2017,Idaho,MPP,0,0
2017,Illinois,MPP,0,0
2017,Indiana,MPP,0,0
2017,Iowa,MPP,0,0
2017,Kansas,MPP,0,0
2017,Kentucky,MPP,0,0
2017,Louisiana,MPP,0,0
2017,Maine,MPP,0,0
2017,Maryland,MPP,0,0
2017,Massachusetts,MPP,0,0
2017,Michigan,MPP,0,0
2017,Minnesota,MPP,0,0
2017,Mississippi,MPP,0,0
2017,Missouri,MPP,0,0
2017,Montana,MPP,0,0
2017,Nebraska,MPP,0,0
2017,Nevada,MPP,0,0
2017,New Hampshire,MPP,0,0
2017,New Jersey,MPP,0,0
2017,New Mexico,MPP,0,0
2017,New York,MPP,0,0
2017,North Carolina,MPP,0,0
2017,North Dakota,MPP,0,0
2017,Ohio,MPP,0,0
2017,Oklahoma,MPP,0,0
2017,Oregon,MPP,0,0
2017,Pennsylvania,MPP,0,0
2017,Rhode Island,MPP,0,0
2017,South Carolina,MPP,0,0
2017,South Dakota,MPP,0,0
2017,Tennessee,MPP,0,0
2017,Texas,MPP,0,0
2017,Utah,MPP,0,0
2017,Vermont,MPP,0,0
2017,Virginia,MPP,0,0
2017,Washington,MPP,0,0
2017,West Virginia,MPP,0,0
2017,Wisconsin,MPP,0,0
2017,Wyoming,MPP,0,0
2018,Alabama,MPP,373478,57
2018,Alaska ,MPP,0,0
2018,Arizona,MPP,236448,17
2018,Arkansas,MPP,423428,86
2018,California,MPP,12493355.91,940
2018,Colorado,MPP,1041592,81
2018,Connecticut,MPP,974951,149
2018,Delaware,MPP,358819,40
2018,Florida,MPP,937834.65,68
2018,Georgia,MPP,1969992.91,228
2018,Hawaii,MPP,0,0
2018,Idaho,MPP,4090171.37,396
2018,Illinois,MPP,6075660.71,1182
2018,Indiana,MPP,3792674.28,719
2018,Iowa,MPP,11257633,2146
2018,Kansas,MPP,1793956,330
2018,Kentucky,MPP,2798710,638
2018,Louisiana,MPP,955027.37,214
2018,Maine,MPP,1974788,391
2018,Maryland,MPP,2579857,371
2018,Massachusetts,MPP,1009294,210
2018,Michigan,MPP,14259177,1867
2018,Minnesota,MPP,25514780.09,5165
2018,Mississippi,MPP,582071,118
2018,Missouri,MPP,4128138,1013
2018,Montana,MPP,893771.59,95
2018,Nebraska,MPP,1529568.09,275
2018,Nevada,MPP,231611,17
2018,New Hampshire,MPP,931588,150
2018,New Jersey,MPP,433852,77
2018,New Mexico,MPP,64354,4
2018,New York,MPP,25564391.77,4843
2018,North Carolina,MPP,2199207,274
2018,North Dakota,MPP,643953,162
2018,Ohio,MPP,11301120.94,1877
2018,Oklahoma,MPP,960675,195
2018,Oregon,MPP,2886713,263
2018,Pennsylvania,MPP,22574239.79,4057
2018,Rhode Island,MPP,53210,12
2018,South Carolina,MPP,819503,84
2018,South Dakota,MPP,1812249,320
2018,Tennessee,MPP,2514222,411
2018,Texas,MPP,4071066,383
2018,Utah,MPP,2504066.21,272
2018,Vermont,MPP,7114943,1169
2018,Virginia,MPP,4844416.6,631
2018,Washington,MPP,4849495.54,413
2018,West Virginia,MPP,452854,105
2018,Wisconsin,MPP,66018170.17,11945
2018,Wyoming,MPP,83501,10
2019,Alabama,DMC,230658.84,24
2019,Alaska ,DMC,0,0
2019,Arizona,DMC,1625451.25,55
2019,Arkansas,DMC,350633.92,42
2019,California,DMC,27806369.59,1022
2019,Colorado,DMC,2156707.13,92
2019,Connecticut,DMC,903459.93,76
2019,Delaware,DMC,250920.26,16
2019,Florida,DMC,1462759.71,62
2019,Georgia,DMC,1978890.7,116
2019,Hawaii,DMC,0,0
2019,Idaho,DMC,6962183.47,330
2019,Illinois,DMC,5363205.54,597
2019,Indiana,DMC,3751557.96,356
2019,Iowa,DMC,10618099.56,1102
2019,Kansas,DMC,2331193.9,224
2019,Kentucky,DMC,2454027.48,317
2019,Louisiana,DMC,754441.14,96
2019,Maine,DMC,1793311.44,196
2019,Maryland,DMC,2463705.75,213
2019,Massachusetts,DMC,906260,103
2019,Michigan,DMC,14275380.55,1008
2019,Minnesota,DMC,23825504,2789
2019,Mississippi,DMC,564708.01,60
2019,Missouri,DMC,3575147.12,500
2019,Montana,DMC,833724.37,56
2019,Nebraska,DMC,1738263.82,148
2019,Nevada,DMC,457599.91,16
2019,New Hampshire,DMC,815921.33,75
2019,New Jersey,DMC,365415.93,34
2019,New Mexico,DMC,2889231.25,105
2019,New York,DMC,25926056.21,2625
2019,North Carolina,DMC,1921806.53,135
2019,North Dakota,DMC,623208.45,78
2019,Ohio,DMC,11073861.38,1020
2019,Oklahoma,DMC,1117521.33,110
2019,Oregon,DMC,3236999.27,162
2019,Pennsylvania,DMC,22579053.97,2340
2019,Rhode Island,DMC,49136.1,7
2019,South Carolina,DMC,612838.62,35
2019,South Dakota,DMC,2284157.47,178
2019,Tennessee,DMC,2089414.83,186
2019,Texas,DMC,6630033.29,318
2019,Utah,DMC,2711314.89,159
2019,Vermont,DMC,6652043.98,597
2019,Virginia,DMC,4333315.79,312
2019,Washington,DMC,5752452.57,281
2019,West Virginia,DMC,359129.02,51
2019,Wisconsin,DMC,63958064.93,6431
2019,Wyoming,DMC,122570.08,8
2020,Alabama,DMC,38469.09,16
2020,Alaska ,DMC,0,0
2020,Arizona,DMC,868879.32,34
2020,Arkansas,DMC,330999.86,47
2020,California,DMC,19711804.36,931
2020,Colorado,DMC,2337151.29,129
2020,Connecticut,DMC,313714.6,24
2020,Delaware,DMC,155295.61,18
2020,Florida,DMC,617584.09,36
2020,Georgia,DMC,1371220.23,112
2020,Hawaii,DMC,0,0
2020,Idaho,DMC,3934358.4,259
2020,Illinois,DMC,3733801.37,562
2020,Indiana,DMC,3089132.23,383
2020,Iowa,DMC,11402204.12,1544
2020,Kansas,DMC,2135494.32,283
2020,Kentucky,DMC,2712836.61,420
2020,Louisiana,DMC,810724.06,140
2020,Maine,DMC,796383.39,99
2020,Maryland,DMC,3211692.44,351
2020,Massachusetts,DMC,1084531.02,159
2020,Michigan,DMC,8402780.61,826
2020,Minnesota,DMC,29559507.33,4263
2020,Mississippi,DMC,540696.25,71
2020,Missouri,DMC,4113596.84,726
2020,Montana,DMC,1035066.36,86
2020,Nebraska,DMC,1596191.33,184
2020,Nevada,DMC,688106.31,32
2020,New Hampshire,DMC,284728.53,36
2020,New Jersey,DMC,390425.21,47
2020,New Mexico,DMC,938371.63,47
2020,New York,DMC,12162906.8,1574
2020,North Carolina,DMC,771399.96,68
2020,North Dakota,DMC,675134.63,105
2020,Ohio,DMC,7998852.67,907
2020,Oklahoma,DMC,1208566.8,168
2020,Oregon,DMC,1842264.47,121
2020,Pennsylvania,DMC,12585257.52,1591
2020,Rhode Island,DMC,66349.32,12
2020,South Carolina,DMC,535934.9,49
2020,South Dakota,DMC,2573604.45,268
2020,Tennessee,DMC,913581.12,122
2020,Texas,DMC,6086018.83,386
2020,Utah,DMC,2498271.6,193
2020,Vermont,DMC,2022774.92,214
2020,Virginia,DMC,3796469.35,345
2020,Washington,DMC,3776893.93,261
2020,West Virginia,DMC,76764.95,13
2020,Wisconsin,DMC,52378812.94,6433
2020,Wyoming,DMC,101664.3,6
2021,Alabama,DMC,652566,32
2021,Alaska ,DMC,0,0
2021,Arizona,DMC,6208575.6,80
2021,Arkansas,DMC,1395998.11,67
2021,California,DMC,107210393.1,1677
2021,Colorado,DMC,9520324.05,156
2021,Connecticut,DMC,3735594.9,123
2021,Delaware,DMC,752093.56,21
2021,Florida,DMC,4887399.94,82
2021,Georgia,DMC,8420721.91,198
2021,Hawaii,DMC,0,0
2021,Idaho,DMC,23823303.82,454
2021,Illinois,DMC,24095351.3,995
2021,Indiana,DMC,15811768.84,546
2021,Iowa,DMC,45498169.39,1711
2021,Kansas,DMC,9204479.96,340
2021,Kentucky,DMC,10600733.84,484
2021,Louisiana,DMC,3342410.4,163
2021,Maine,DMC,7409204.82,295
2021,Maryland,DMC,10797743.47,355
2021,Massachusetts,DMC,4123929.02,168
2021,Michigan,DMC,54328787.4,1429
2021,Minnesota,DMC,102895898.9,4343
2021,Mississippi,DMC,2123877.95,81
2021,Missouri,DMC,14187207.18,749
2021,Montana,DMC,3543738.15,82
2021,Nebraska,DMC,6682668.33,225
2021,Nevada,DMC,2194596.82,32
2021,New Hampshire,DMC,3573269.75,114
2021,New Jersey,DMC,1458183.46,60
2021,New Mexico,DMC,10791580.52,155
2021,New York,DMC,109261049.8,4165
2021,North Carolina,DMC,7623462.46,191
2021,North Dakota,DMC,2559655.95,111
2021,Ohio,DMC,45824672.92,1514
2021,Oklahoma,DMC,4581087.49,181
2021,Oregon,DMC,12763014.32,247
2021,Pennsylvania,DMC,85918749.89,3325
2021,Rhode Island,DMC,134133.39,11
2021,South Carolina,DMC,2121347.44,54
2021,South Dakota,DMC,9589354.39,291
2021,Tennessee,DMC,7163176.74,223
2021,Texas,DMC,26085723.73,488
2021,Utah,DMC,10860666.34,243
2021,Vermont,DMC,27555609.66,953
2021,Virginia,DMC,17408869.25,487
2021,Washington,DMC,22523531.83,452
2021,West Virginia,DMC,901925.91,41
2021,Wisconsin,DMC,269267137.3,9870
2021,Wyoming,DMC,443033.33,8
2022,Alabama,DMC,28561.23,10
2022,Alaska ,DMC,0,0
2022,Arizona,DMC,358226.92,32
2022,Arkansas,DMC,71619.45,25
2022,California,DMC,7335227.58,789
2022,Colorado,DMC,597798.46,68
2022,Connecticut,DMC,214137.07,52
2022,Delaware,DMC,40150.32,8
2022,Florida,DMC,249891.62,34
2022,Georgia,DMC,502826.51,80
2022,Hawaii,DMC,0,0
2022,Idaho,DMC,1566398.25,203
2022,Illinois,DMC,1584241.75,432
2022,Indiana,DMC,1075882.42,253
2022,Iowa,DMC,3116084.35,781
2022,Kansas,DMC,548979.05,146
2022,Kentucky,DMC,687083.17,196
2022,Louisiana,DMC,199058.55,70
2022,Maine,DMC,339547.46,121
2022,Maryland,DMC,823618.3,186
2022,Massachusetts,DMC,271318.36,79
2022,Michigan,DMC,3457981.14,629
2022,Minnesota,DMC,7042729.88,1956
2022,Mississippi,DMC,111959.94,27
2022,Missouri,DMC,858759.8,325
2022,Montana,DMC,238606.67,39
2022,Nebraska,DMC,400816.78,90
2022,Nevada,DMC,92140.78,16
2022,New Hampshire,DMC,196107.75,43
2022,New Jersey,DMC,116513.31,32
2022,New Mexico,DMC,525621.19,56
2022,New York,DMC,6557511.84,1761
2022,North Carolina,DMC,451768.52,81
2022,North Dakota,DMC,170960.84,50
2022,Ohio,DMC,3198948.63,703
2022,Oklahoma,DMC,251155.84,71
2022,Oregon,DMC,665297.15,103
2022,Pennsylvania,DMC,5992893.41,1638
2022,Rhode Island,DMC,15543.73,6
2022,South Carolina,DMC,126450.88,24
2022,South Dakota,DMC,688053.97,131
2022,Tennessee,DMC,392800.22,97
2022,Texas,DMC,1768187.52,227
2022,Utah,DMC,741528.51,111
2022,Vermont,DMC,1853361.16,418
2022,Virginia,DMC,1130860.41,212
2022,Washington,DMC,1487884.55,206
2022,West Virginia,DMC,55017.47,20
2022,Wisconsin,DMC,17932047.26,4514
2022,Wyoming,DMC,26879.33,3
2023,Alabama,DMC,406256.16,22
2023,Alaska ,DMC,0,0
2023,Arizona,DMC,7200330.84,68
2023,Arkansas,DMC,1059256.12,47
2023,California,DMC,131828555.9,1618
2023,Colorado,DMC,11067362.93,140
2023,Connecticut,DMC,4141405.42,125
2023,Delaware,DMC,665917.91,18
2023,Florida,DMC,5570399.34,75
2023,Georgia,DMC,8848165.04,160
2023,Hawaii,DMC,0,0
2023,Idaho,DMC,30906626.04,430
2023,Illinois,DMC,23639336,852
2023,Indiana,DMC,17913849.91,482
2023,Iowa,DMC,45883202.26,1501
2023,Kansas,DMC,10646212.11,288
2023,Kentucky,DMC,9609157.91,384
2023,Louisiana,DMC,3045255.47,131
2023,Maine,DMC,7389179.73,282
2023,Maryland,DMC,10903637.34,347
2023,Massachusetts,DMC,4046256.82,153
2023,Michigan,DMC,54303883.54,1261
2023,Minnesota,DMC,101959561.4,3708
2023,Mississippi,DMC,1628915.38,60
2023,Missouri,DMC,12732717.14,607
2023,Montana,DMC,3568246.23,78
2023,Nebraska,DMC,6047324.29,166
2023,Nevada,DMC,2732200.75,30
2023,New Hampshire,DMC,3456546.57,105
2023,New Jersey,DMC,1624059.06,60
2023,New Mexico,DMC,12617660.52,126
2023,New York,DMC,112368148.4,3752
2023,North Carolina,DMC,7239143.82,161
2023,North Dakota,DMC,2399342.65,81
2023,Ohio,DMC,49033438.28,1428
2023,Oklahoma,DMC,4002113.52,128
2023,Oregon,DMC,11879433.07,214
2023,Pennsylvania,DMC,94495002.44,3457
2023,Rhode Island,DMC,200672.57,9
2023,South Carolina,DMC,1991494.67,47
2023,South Dakota,DMC,12525679.09,261
2023,Tennessee,DMC,6361518.96,186
2023,Texas,DMC,34165787.61,466
2023,Utah,DMC,11066406.39,219
2023,Vermont,DMC,27695737.27,816
2023,Virginia,DMC,16579353.24,417
2023,Washington,DMC,24767305.36,405
2023,West Virginia,DMC,856013.38,39
2023,Wisconsin,DMC,270163924.7,8883
2023,Wyoming,DMC,451234.39,6
